Angle,PA,PA_filtered
-180.0,,
-179.64809384164224,-76.82922900510482,-76.82922900510482
-179.29618768328447,,
-178.94428152492668,,
-178.59237536656892,,
-178.24046920821115,,
-177.88856304985336,,
-177.5366568914956,,
-177.18475073313783,,
-176.83284457478007,,
-176.4809384164223,,
-176.1290322580645,,
-175.77712609970675,,
-175.42521994134898,,
-175.0733137829912,,
-174.72140762463343,3.312632239856037,3.312632239856037
-174.36950146627566,,
-174.0175953079179,,
-173.66568914956014,,
-173.31378299120234,,
-172.96187683284458,,
-172.60997067448682,,
-172.25806451612902,,
-171.90615835777126,,
-171.5542521994135,,
-171.20234604105573,,
-170.85043988269797,,
-170.49853372434018,,
-170.1466275659824,,
-169.79472140762465,,
-169.44281524926686,,
-169.0909090909091,,
-168.73900293255133,,
-168.38709677419357,,
-168.0351906158358,,
-167.683284457478,,
-167.33137829912022,,
-166.97947214076245,,
-166.6275659824047,,
-166.27565982404693,,
-165.92375366568913,,
-165.57184750733137,,
-165.2199413489736,,
-164.86803519061584,,
-164.51612903225805,,
-164.1642228739003,,
-163.81231671554252,,
-163.46041055718476,,
-163.10850439882697,,
-162.7565982404692,,
-162.40469208211144,,
-162.05278592375367,,
-161.70087976539588,,
-161.34897360703812,,
-160.99706744868035,,
-160.6451612903226,,
-160.2932551319648,,
-159.94134897360703,,
-159.58944281524927,,
-159.2375366568915,,
-158.88563049853371,,
-158.53372434017595,,
-158.1818181818182,,
-157.82991202346042,,
-157.47800586510263,,
-157.12609970674487,,
-156.7741935483871,,
-156.42228739002934,,
-156.07038123167155,,
-155.71847507331378,,
-155.36656891495602,,
-155.01466275659826,,
-154.66275659824046,,
-154.3108504398827,,
-153.95894428152494,,
-153.60703812316717,,
-153.25513196480938,,
-152.90322580645162,,
-152.55131964809385,,
-152.1994134897361,,
-151.8475073313783,,
-151.49560117302053,,
-151.14369501466277,,
-150.791788856305,,
-150.4398826979472,,
-150.08797653958945,,
-149.73607038123168,,
-149.38416422287392,,
-149.03225806451613,,
-148.68035190615834,,
-148.32844574780057,,
-147.9765395894428,,
-147.62463343108504,,
-147.27272727272725,,
-146.9208211143695,,
-146.56891495601172,,
-146.21700879765396,,
-145.86510263929617,,
-145.5131964809384,,
-145.16129032258064,,
-144.80938416422288,,
-144.45747800586508,,
-144.10557184750732,,
-143.75366568914956,,
-143.4017595307918,,
-143.049853372434,,
-142.69794721407624,,
-142.34604105571847,,
-141.9941348973607,,
-141.64222873900292,,
-141.29032258064515,,
-140.9384164222874,,
-140.58651026392963,,
-140.23460410557183,,
-139.88269794721407,62.26588534150545,62.26588534150545
-139.5307917888563,,
-139.17888563049854,,
-138.82697947214075,,
-138.47507331378299,,
-138.12316715542522,,
-137.77126099706746,,
-137.41935483870967,,
-137.0674486803519,,
-136.71554252199414,,
-136.36363636363637,,
-136.01173020527858,,
-135.65982404692082,,
-135.30791788856305,,
-134.9560117302053,,
-134.6041055718475,,
-134.25219941348973,,
-133.90029325513197,,
-133.5483870967742,71.1594227600678,71.1594227600678
-133.1964809384164,,
-132.84457478005865,,
-132.4926686217009,,
-132.14076246334312,,
-131.78885630498533,,
-131.43695014662757,-51.49663581833371,-51.49663581833371
-131.0850439882698,,
-130.73313782991204,,
-130.38123167155425,,
-130.02932551319648,,
-129.67741935483872,-82.05819303898079,-82.05819303898079
-129.32551319648096,,
-128.97360703812316,,
-128.6217008797654,,
-128.26979472140764,-88.94081339862218,-88.94081339862218
-127.91788856304986,,
-127.5659824046921,,
-127.21407624633432,,
-126.86217008797655,,
-126.51026392961877,,
-126.15835777126101,,
-125.80645161290323,-67.0287853875564,-67.0287853875564
-125.45454545454547,,
-125.10263929618769,,
-124.75073313782993,,
-124.39882697947215,,
-124.04692082111438,,
-123.6950146627566,,
-123.34310850439884,,
-122.99120234604106,,
-122.6392961876833,,
-122.28739002932552,,
-121.93548387096776,,
-121.58357771260998,,
-121.23167155425222,,
-120.87976539589444,46.842856498296264,46.842856498296264
-120.52785923753667,,
-120.1759530791789,-72.39907012376624,-72.39907012376624
-119.82404692082113,,
-119.47214076246335,,
-119.12023460410559,,
-118.76832844574781,,
-118.41642228739005,,
-118.06451612903226,,
-117.71260997067448,,
-117.36070381231671,,
-117.00879765395894,,
-116.65689149560117,,
-116.3049853372434,,
-115.95307917888563,,
-115.60117302052785,,
-115.24926686217009,,
-114.89736070381231,,
-114.54545454545455,,
-114.19354838709677,,
-113.841642228739,-52.187943965219375,-52.187943965219375
-113.48973607038123,,
-113.13782991202346,,
-112.78592375366568,,
-112.43401759530792,,
-112.08211143695014,,
-111.73020527859238,,
-111.3782991202346,,
-111.02639296187684,,
-110.67448680351906,,
-110.3225806451613,,
-109.97067448680352,,
-109.61876832844575,,
-109.26686217008798,,
-108.91495601173021,-17.243673994931303,-17.243673994931303
-108.56304985337243,,
-108.21114369501467,,
-107.85923753665689,,
-107.50733137829913,,
-107.15542521994135,,
-106.80351906158356,,
-106.4516129032258,,
-106.09970674486802,,
-105.74780058651025,,
-105.39589442815247,,
-105.04398826979471,,
-104.69208211143693,,
-104.34017595307917,,
-103.98826979472139,,
-103.63636363636363,,
-103.28445747800585,,
-102.93255131964808,,
-102.5806451612903,,
-102.22873900293254,-44.51007290085122,-44.51007290085122
-101.87683284457476,,
-101.524926686217,,
-101.17302052785922,,
-100.82111436950146,,
-100.46920821114368,,
-100.11730205278592,,
-99.76539589442814,,
-99.41348973607037,,
-99.0615835777126,,
-98.70967741935483,,
-98.35777126099705,,
-98.00586510263929,-80.86073105292337,-80.86073105292337
-97.65395894428151,-52.31481726649935,-52.31481726649935
-97.30205278592375,,
-96.95014662756597,,
-96.5982404692082,,
-96.24633431085043,,
-95.89442815249267,,
-95.54252199413489,,
-95.19061583577712,,
-94.83870967741935,-39.29808023397813,-39.29808023397813
-94.48680351906158,,
-94.1348973607038,,
-93.78299120234604,,
-93.43108504398826,,
-93.0791788856305,,
-92.72727272727272,,
-92.37536656891496,,
-92.02346041055718,,
-91.67155425219941,,
-91.31964809384164,,
-90.96774193548387,,
-90.6158357771261,,
-90.26392961876833,,
-89.91202346041055,,
-89.56011730205279,,
-89.20821114369501,,
-88.85630498533725,-14.394594056523385,-14.394594056523385
-88.50439882697947,,
-88.1524926686217,,
-87.80058651026393,,
-87.44868035190616,,
-87.09677419354838,,
-86.74486803519062,,
-86.39296187683284,,
-86.04105571847508,,
-85.6891495601173,,
-85.33724340175954,,
-84.98533724340176,,
-84.633431085044,,
-84.28152492668622,,
-83.92961876832845,,
-83.57771260997067,,
-83.22580645161291,,
-82.87390029325513,,
-82.52199413489737,,
-82.17008797653959,,
-81.81818181818183,,
-81.46627565982405,,
-81.11436950146629,,
-80.76246334310851,,
-80.41055718475074,,
-80.05865102639297,,
-79.7067448680352,,
-79.35483870967742,,
-79.00293255131966,,
-78.65102639296187,,
-78.29912023460409,,
-77.94721407624633,,
-77.59530791788855,,
-77.24340175953078,,
-76.891495601173,,
-76.53958944281524,,
-76.18768328445746,,
-75.8357771260997,25.84820996868013,25.84820996868013
-75.48387096774192,,
-75.13196480938416,,
-74.78005865102638,,
-74.42815249266862,,
-74.07624633431084,,
-73.72434017595307,-23.87595699856819,-23.87595699856819
-73.3724340175953,,
-73.02052785923753,,
-72.66862170087975,,
-72.31671554252199,,
-71.96480938416421,,
-71.61290322580645,,
-71.26099706744867,,
-70.9090909090909,,
-70.55718475073313,79.29015302659565,79.29015302659565
-70.20527859237536,,
-69.85337243401759,,
-69.50146627565982,,
-69.14956011730204,,
-68.79765395894428,,
-68.4457478005865,,
-68.09384164222874,,
-67.74193548387096,,
-67.3900293255132,,
-67.03812316715542,,
-66.68621700879766,,
-66.33431085043988,,
-65.98240469208211,,
-65.63049853372434,,
-65.27859237536657,,
-64.9266862170088,,
-64.57478005865103,,
-64.22287390029325,,
-63.87096774193549,10.089384490473023,10.089384490473023
-63.51906158357772,,
-63.167155425219946,,
-62.815249266862175,,
-62.463343108504404,,
-62.11143695014663,,
-61.75953079178886,,
-61.40762463343109,-74.02261723901573,-74.02261723901573
-61.05571847507332,,
-60.70381231671555,,
-60.35190615835778,,
-60.00000000000001,,
-59.648093841642236,,
-59.296187683284465,,
-58.944281524926694,25.694949745834055,25.694949745834055
-58.59237536656892,,
-58.24046920821115,,
-57.88856304985338,,
-57.53665689149561,,
-57.18475073313784,,
-56.83284457478007,-56.76986019258735,-56.76986019258735
-56.4809384164223,,
-56.129032258064505,,
-55.777126099706734,,
-55.42521994134896,,
-55.07331378299119,,
-54.72140762463342,,
-54.36950146627565,,
-54.01759530791788,,
-53.66568914956011,,
-53.31378299120234,,
-52.96187683284457,77.95221738833291,77.95221738833291
-52.609970674486796,,
-52.258064516129025,,
-51.906158357771254,,
-51.55425219941348,,
-51.20234604105571,80.21912930732721,80.21912930732721
-50.85043988269794,,
-50.49853372434017,,
-50.1466275659824,,
-49.79472140762463,,
-49.44281524926686,,
-49.090909090909086,,
-48.739002932551315,,
-48.387096774193544,,
-48.03519061583577,,
-47.683284457478,,
-47.33137829912023,,
-46.97947214076246,,
-46.62756598240469,,
-46.27565982404692,48.30593309910585,48.30593309910585
-45.92375366568915,,
-45.57184750733138,,
-45.219941348973606,,
-44.868035190615835,,
-44.516129032258064,,
-44.16422287390029,,
-43.81231671554252,,
-43.46041055718475,,
-43.10850439882698,,
-42.75659824046921,,
-42.40469208211144,,
-42.05278592375367,,
-41.7008797653959,,
-41.348973607038126,,
-40.997067448680355,,
-40.645161290322584,,
-40.29325513196481,,
-39.94134897360704,,
-39.58944281524927,,
-39.2375366568915,,
-38.88563049853373,,
-38.53372434017596,,
-38.18181818181819,,
-37.829912023460416,,
-37.478005865102645,-57.390101623450164,-57.390101623450164
-37.126099706744874,,
-36.7741935483871,,
-36.42228739002933,,
-36.07038123167156,,
-35.71847507331379,,
-35.36656891495602,,
-35.01466275659825,,
-34.66275659824048,-60.06658239450485,-60.06658239450485
-34.31085043988271,,
-33.958944281524936,,
-33.60703812316714,,
-33.25513196480937,,
-32.9032258064516,,
-32.55131964809383,,
-32.19941348973606,,
-31.847507331378292,,
-31.49560117302052,,
-31.14369501466275,,
-30.79178885630498,-49.642931684781274,-49.642931684781274
-30.43988269794721,,
-30.087976539589437,,
-29.736070381231666,,
-29.384164222873896,,
-29.032258064516125,,
-28.680351906158354,,
-28.328445747800583,,
-27.97653958944281,,
-27.62463343108504,,
-27.27272727272727,,
-26.9208211143695,,
-26.568914956011728,,
-26.217008797653957,,
-25.865102639296186,,
-25.513196480938415,,
-25.161290322580644,,
-24.809384164222873,,
-24.457478005865102,,
-24.10557184750733,,
-23.75366568914956,,
-23.40175953079179,,
-23.04985337243402,,
-22.697947214076247,,
-22.346041055718477,,
-21.994134897360706,,
-21.642228739002935,66.8983264669089,66.8983264669089
-21.290322580645164,,
-20.938416422287393,,
-20.586510263929622,,
-20.23460410557185,,
-19.88269794721408,,
-19.53079178885631,,
-19.178885630498538,,
-18.826979472140767,,
-18.475073313782996,,
-18.123167155425225,,
-17.771260997067454,,
-17.419354838709683,,
-17.067448680351912,,
-16.71554252199414,,
-16.36363636363637,,
-16.0117302052786,,
-15.659824046920827,,
-15.307917888563056,,
-14.956011730205285,-74.76814428960623,
-14.604105571847514,,
-14.252199413489743,,
-13.900293255131972,,
-13.548387096774201,,
-13.19648093841643,,
-12.84457478005866,,
-12.492668621700888,,
-12.140762463343117,,
-11.788856304985346,-14.277904974819448,-14.277904974819448
-11.436950146627575,,
-11.085043988269785,-56.33188621526902,-56.33188621526902
-10.733137829912014,,
-10.381231671554243,,
-10.029325513196472,-78.87177261106399,-78.87177261106399
-9.677419354838701,,
-9.32551319648093,,
-8.97360703812316,,
-8.621700879765388,,
-8.269794721407617,,
-7.917888563049846,,
-7.565982404692075,,
-7.214076246334304,,
-6.8621700879765335,,
-6.5102639296187625,,
-6.158357771260992,,
-5.806451612903221,,
-5.45454545454545,,
-5.102639296187679,-76.23740440175295,-76.23740440175295
-4.750733137829908,,
-4.398826979472137,,
-4.046920821114366,78.87429442400432,78.87429442400432
-3.695014662756595,-75.55817774908901,-75.55817774908901
-3.343108504398824,-89.5276792985845,90.4723207014155
-2.991202346041053,88.14858080529363,88.14858080529363
-2.639296187683282,86.97019841485057,86.97019841485057
-2.287390029325511,73.98679888184988,73.98679888184988
-1.9354838709677402,80.64002465930072,80.64002465930072
-1.5835777126099693,84.46018496341004,84.46018496341004
-1.2316715542521983,88.9421895365346,88.9421895365346
-0.8797653958944274,88.90474283529804,88.90474283529804
-0.5278592375366564,82.01154777186147,82.01154777186147
-0.17595307917888547,81.2472744917379,81.2472744917379
0.17595307917888547,,
0.5278592375366564,-10.169474301659307,79.8305256983407
0.8797653958944274,-5.900000594378525,84.09999940562147
1.2316715542521983,-9.289751718811647,80.71024828118836
1.5835777126099693,-12.01222905577129,77.98777094422871
1.9354838709677402,-8.206598716527573,81.79340128347243
2.287390029325511,-12.2407065096184,77.7592934903816
2.639296187683282,-12.061680055441832,77.93831994455817
2.991202346041053,-12.466696399616875,77.53330360038312
3.343108504398824,-15.627541180977609,74.3724588190224
3.695014662756595,-13.674771114509218,76.32522888549079
4.046920821114366,-15.125356927961727,74.87464307203827
4.398826979472137,-19.259669647491247,70.74033035250875
4.750733137829908,-18.985046465606846,71.01495353439316
5.102639296187679,-26.686573135913047,63.31342686408695
5.45454545454545,-29.032453106521185,60.96754689347881
5.806451612903221,-33.60110083096398,56.39889916903602
6.158357771260992,-46.01458974990284,43.98541025009716
6.5102639296187625,-47.18889314713294,42.81110685286706
6.8621700879765335,-42.356662641673324,47.643337358326676
7.214076246334304,-44.95590716067997,45.04409283932003
7.565982404692075,,
7.917888563049846,,
8.269794721407617,-10.600843456882153,-10.600843456882153
8.621700879765388,-9.433992574263499,-9.433992574263499
8.97360703812316,-8.184844339989905,-8.184844339989905
9.32551319648093,-19.4962881512343,-19.4962881512343
9.677419354838701,-27.14581482333055,-27.14581482333055
10.029325513196472,-26.306245459315715,-26.306245459315715
10.381231671554243,-35.91619163688789,-35.91619163688789
10.733137829912014,-36.17672763967445,-36.17672763967445
11.085043988269785,-40.640761950893975,-40.640761950893975
11.436950146627556,-45.433513770382056,-45.433513770382056
11.788856304985327,-47.81300855033965,-47.81300855033965
12.140762463343098,-50.480767747583336,-50.480767747583336
12.492668621700869,-50.58881330340265,-50.58881330340265
12.84457478005864,-56.825468276796116,-56.825468276796116
13.19648093841641,-54.21659269376234,-54.21659269376234
13.548387096774182,-59.01808931134032,-59.01808931134032
13.900293255131952,-58.13057189720655,-58.13057189720655
14.252199413489723,-59.771192509931915,-59.771192509931915
14.604105571847494,-66.62398992370258,-66.62398992370258
14.956011730205265,-60.652514539668914,-60.652514539668914
15.307917888563036,-63.05211085353447,-63.05211085353447
15.659824046920807,-61.67202821664663,-61.67202821664663
16.011730205278578,-66.91045333711251,-66.91045333711251
16.36363636363635,-62.4635131110678,-62.4635131110678
16.71554252199412,-55.59765841570601,-55.59765841570601
17.06744868035189,-60.92612496073437,-60.92612496073437
17.419354838709662,-64.25375827565355,-64.25375827565355
17.771260997067433,-67.0940548850891,-67.0940548850891
18.123167155425204,-71.38690928196381,-71.38690928196381
18.475073313782975,-52.025252377758086,-52.025252377758086
18.826979472140746,-80.91228200073681,-80.91228200073681
19.178885630498517,-58.825430059838254,-58.825430059838254
19.530791788856288,,
19.88269794721406,,
20.23460410557183,-68.2016721854097,-68.2016721854097
20.5865102639296,,
20.93841642228737,,
21.290322580645142,,
21.642228739002913,,
21.994134897360684,,
22.346041055718455,,
22.697947214076265,,
23.049853372434036,,
23.401759530791807,,
23.753665689149578,,
24.10557184750735,,
24.45747800586512,,
24.80938416422289,,
25.161290322580662,,
25.513196480938433,,
25.865102639296204,,
26.217008797653975,,
26.568914956011746,,
26.920821114369517,,
27.272727272727288,,
27.62463343108506,,
27.97653958944283,,
28.3284457478006,,
28.68035190615837,,
29.032258064516142,,
29.384164222873913,,
29.736070381231684,,
30.087976539589455,,
30.439882697947226,,
30.791788856304997,,
31.143695014662768,,
31.49560117302054,,
31.84750733137831,,
32.19941348973608,53.63869734960958,53.63869734960958
32.55131964809385,,
32.90322580645162,,
33.255131964809394,,
33.607038123167165,,
33.958944281524936,,
34.31085043988271,,
34.66275659824048,,
35.01466275659825,,
35.36656891495602,,
35.71847507331379,,
36.07038123167156,,
36.42228739002933,,
36.7741935483871,,
37.126099706744874,,
37.478005865102645,,
37.829912023460416,,
38.18181818181819,,
38.53372434017596,,
38.88563049853373,,
39.2375366568915,,
39.58944281524927,,
39.94134897360704,,
40.29325513196481,,
40.645161290322584,,
40.997067448680355,,
41.348973607038126,,
41.7008797653959,,
42.05278592375367,,
42.40469208211144,,
42.75659824046921,,
43.10850439882698,,
43.46041055718475,,
43.81231671554252,,
44.16422287390029,,
44.516129032258064,,
44.868035190615835,,
45.219941348973606,,
45.57184750733138,,
45.92375366568915,,
46.27565982404692,-83.92344474904044,-83.92344474904044
46.62756598240469,,
46.97947214076246,,
47.33137829912023,,
47.683284457478,,
48.03519061583577,,
48.387096774193544,,
48.739002932551315,53.76066973303858,53.76066973303858
49.090909090909086,,
49.44281524926686,,
49.79472140762463,,
50.1466275659824,,
50.49853372434017,,
50.85043988269794,,
51.20234604105571,,
51.55425219941348,,
51.906158357771254,,
52.258064516129025,,
52.609970674486796,,
52.96187683284457,,
53.31378299120234,,
53.66568914956011,,
54.01759530791788,,
54.36950146627565,,
54.72140762463342,,
55.07331378299119,,
55.42521994134896,,
55.777126099706734,,
56.129032258064505,,
56.480938416422276,,
56.83284457478005,,
57.18475073313782,-29.845648694069098,-29.845648694069098
57.53665689149559,16.42634392692066,16.42634392692066
57.88856304985336,,
58.24046920821113,,
58.5923753665689,,
58.94428152492667,,
59.296187683284444,,
59.648093841642215,,
59.999999999999986,-26.8590765028617,-26.8590765028617
60.35190615835776,,
60.70381231671553,,
61.0557184750733,,
61.40762463343107,,
61.75953079178884,,
62.11143695014661,,
62.46334310850438,,
62.81524926686215,,
63.167155425219924,,
63.519061583577695,-69.72294682746343,-69.72294682746343
63.870967741935466,,
64.22287390029324,,
64.57478005865102,,
64.92668621700878,,
65.27859237536656,24.052545316113985,24.052545316113985
65.63049853372432,,
65.9824046920821,,
66.33431085043986,,
66.68621700879764,,
67.0381231671554,,
67.39002932551318,,
67.74193548387099,,
68.09384164222875,62.52683792021523,62.52683792021523
68.44574780058653,,
68.7976539589443,,
69.14956011730207,,
69.50146627565984,,
69.85337243401761,,
70.20527859237538,,
70.55718475073316,,
70.90909090909092,,
71.2609970674487,,
71.61290322580646,,
71.96480938416424,,
72.316715542522,,
72.66862170087978,,
73.02052785923755,,
73.37243401759532,,
73.72434017595309,,
74.07624633431087,,
74.42815249266863,,
74.78005865102641,,
75.13196480938417,,
75.48387096774195,,
75.83577712609971,,
76.18768328445749,,
76.53958944281526,,
76.89149560117303,,
77.2434017595308,,
77.59530791788858,,
77.94721407624634,,
78.29912023460412,,
78.65102639296188,,
79.00293255131966,,
79.35483870967742,,
79.7067448680352,,
80.05865102639297,,
80.41055718475074,,
80.76246334310851,,
81.11436950146629,,
81.46627565982405,,
81.81818181818183,,
82.17008797653959,,
82.52199413489737,,
82.87390029325513,,
83.22580645161291,,
83.57771260997067,,
83.92961876832845,,
84.28152492668622,,
84.633431085044,,
84.98533724340176,,
85.33724340175954,,
85.6891495601173,,
86.04105571847508,,
86.39296187683284,,
86.74486803519062,,
87.09677419354838,,
87.44868035190616,,
87.80058651026393,,
88.1524926686217,,
88.50439882697947,,
88.85630498533725,,
89.20821114369501,,
89.56011730205279,,
89.91202346041055,,
90.26392961876833,,
90.6158357771261,,
90.96774193548387,,
91.31964809384164,,
91.67155425219941,,
92.02346041055718,,
92.37536656891496,,
92.72727272727272,38.11464782574258,38.11464782574258
93.0791788856305,,
93.43108504398826,,
93.78299120234604,,
94.1348973607038,,
94.48680351906158,,
94.83870967741935,,
95.19061583577712,,
95.54252199413489,,
95.89442815249267,,
96.24633431085043,,
96.5982404692082,,
96.95014662756597,,
97.30205278592375,,
97.65395894428151,63.96476426329625,63.96476426329625
98.00586510263929,,
98.35777126099705,,
98.70967741935483,,
99.0615835777126,,
99.41348973607037,,
99.76539589442814,,
100.11730205278592,,
100.46920821114368,,
100.82111436950146,,
101.17302052785922,,
101.524926686217,,
101.87683284457476,,
102.22873900293254,,
102.5806451612903,,
102.93255131964808,,
103.28445747800585,,
103.63636363636363,,
103.98826979472139,,
104.34017595307917,,
104.69208211143693,,
105.04398826979471,,
105.39589442815247,,
105.74780058651025,,
106.09970674486802,,
106.4516129032258,,
106.80351906158356,,
107.15542521994134,,
107.5073313782991,,
107.85923753665688,,
108.21114369501464,,
108.56304985337242,,
108.91495601173018,,
109.26686217008796,,
109.61876832844573,,
109.9706744868035,,
110.32258064516127,,
110.67448680351904,,
111.02639296187681,,
111.37829912023459,-48.93752622774967,-48.93752622774967
111.73020527859235,13.942277413642225,13.942277413642225
112.08211143695013,,
112.43401759530789,,
112.78592375366571,,
113.13782991202348,,
113.48973607038126,,
113.84164222873902,,
114.1935483870968,,
114.54545454545456,,
114.89736070381234,,
115.2492668621701,,
115.60117302052788,,
115.95307917888564,,
116.30498533724342,,
116.65689149560119,,
117.00879765395896,,
117.36070381231673,,
117.7126099706745,,
118.06451612903227,,
118.41642228739005,,
118.76832844574781,,
119.12023460410559,,
119.47214076246335,,
119.82404692082113,,
120.1759530791789,,
120.52785923753667,,
120.87976539589444,,
121.23167155425222,,
121.58357771260998,,
121.93548387096776,,
122.28739002932552,,
122.6392961876833,,
122.99120234604106,,
123.34310850439884,,
123.6950146627566,,
124.04692082111438,,
124.39882697947215,,
124.75073313782993,62.6085531002519,62.6085531002519
125.10263929618769,,
125.45454545454547,,
125.80645161290323,,
126.15835777126101,,
126.51026392961877,,
126.86217008797655,,
127.21407624633432,,
127.5659824046921,,
127.91788856304986,,
128.26979472140764,,
128.6217008797654,,
128.97360703812316,,
129.32551319648096,,
129.67741935483872,-86.25918285923909,-86.25918285923909
130.02932551319648,,
130.38123167155425,,
130.73313782991204,,
131.0850439882698,,
131.43695014662757,,
131.78885630498533,,
132.14076246334312,,
132.4926686217009,,
132.84457478005865,,
133.1964809384164,,
133.5483870967742,,
133.90029325513197,,
134.25219941348973,,
134.6041055718475,,
134.9560117302053,,
135.30791788856305,,
135.65982404692082,,
136.01173020527858,,
136.36363636363637,,
136.71554252199414,,
137.0674486803519,,
137.41935483870967,,
137.77126099706746,,
138.12316715542522,,
138.47507331378299,,
138.82697947214075,,
139.17888563049854,,
139.5307917888563,,
139.88269794721407,,
140.23460410557183,,
140.58651026392963,,
140.9384164222874,,
141.29032258064515,,
141.64222873900292,,
141.9941348973607,,
142.34604105571847,,
142.69794721407624,,
143.049853372434,,
143.4017595307918,,
143.75366568914956,,
144.10557184750732,,
144.45747800586508,,
144.80938416422288,,
145.16129032258064,,
145.5131964809384,,
145.86510263929617,,
146.21700879765396,,
146.56891495601172,,
146.9208211143695,,
147.27272727272725,,
147.62463343108504,,
147.9765395894428,,
148.32844574780057,,
148.68035190615834,,
149.03225806451613,,
149.3841642228739,,
149.73607038123166,,
150.08797653958942,,
150.4398826979472,,
150.79178885630498,,
151.14369501466274,,
151.4956011730205,,
151.8475073313783,,
152.19941348973606,,
152.55131964809382,,
152.9032258064516,,
153.25513196480938,,
153.60703812316714,,
153.9589442815249,,
154.31085043988267,,
154.66275659824046,,
155.01466275659823,,
155.366568914956,,
155.71847507331375,,
156.07038123167155,,
156.4222873900293,,
156.77419354838707,,
157.12609970674484,,
157.47800586510263,,
157.82991202346042,,
158.1818181818182,,
158.53372434017598,,
158.88563049853374,,
159.2375366568915,,
159.5894428152493,,
159.94134897360706,,
160.29325513196483,,
160.6451612903226,,
160.99706744868035,,
161.34897360703815,,
161.7008797653959,,
162.05278592375367,,
162.40469208211147,,
162.75659824046923,-69.14975833506368,-69.14975833506368
163.108504398827,-36.5505072924144,-36.5505072924144
163.46041055718476,,
163.81231671554252,,
164.16422287390031,-82.75416543329945,-82.75416543329945
164.51612903225808,,
164.86803519061584,,
165.21994134897363,,
165.5718475073314,,
165.92375366568916,,
166.27565982404693,,
166.6275659824047,-42.410381210965376,-42.410381210965376
166.97947214076248,,
167.33137829912025,,
167.683284457478,,
168.0351906158358,,
168.38709677419357,,
168.73900293255133,,
169.0909090909091,,
169.44281524926686,,
169.79472140762465,,
170.1466275659824,,
170.49853372434018,,
170.85043988269797,,
171.20234604105573,,
171.5542521994135,,
171.90615835777126,,
172.25806451612902,36.13627125224905,36.13627125224905
172.60997067448682,,
172.96187683284458,,
173.31378299120234,,
173.66568914956014,,
174.0175953079179,,
174.36950146627566,,
174.72140762463343,-52.48088479904632,-52.48088479904632
175.0733137829912,,
175.42521994134898,,
175.77712609970675,55.23551909185679,55.23551909185679
176.1290322580645,,
176.4809384164223,,
176.83284457478007,,
177.18475073313783,,
177.5366568914956,,
177.88856304985336,,
178.24046920821115,,
178.59237536656892,,
178.94428152492668,,
179.29618768328447,,
179.64809384164224,,
180.0,,
