PSR,P0,P-dot,Telescope,Freq(MHz),best_alpha,alpha_Upper_Error,alpha_Lower_Error,best_beta,beta_upper_Error,beta_lower_Error,best_phase_offset,phase_offset_upper_error,phase_offset_lower_error,best_psi_offset,psi_offset_upper_error,psi_offset_lower_error,best_chi_red,Chi_upper_error,Chi_lower_error,best_K,K_upper_error,K_lower_error,w10,w10_error,w10_center,L_I,σ_LI,V_I,σ_VI,absV_I,σ_absVI,rho,drho_up,drho_down,PW,W10_MH,all_alpha_range,category
J0058+4950,0.9960234522737444,8.035708011582396e-16,FAST,1048–1452,17.414490742541556,28.302585857737416,13.496633095812536,1.3707255050766554,1.9383201708443432,1.0574935873541795,3.99470170000681,0.1951411218382057,0.210215508006935,-15.827262929750972,2.0088810763010088,1.8826304530590685,5.452098081850698,0.7733788852544068,0.0468680764388853,-12.511066703688927,0.6118451085682359,0.5963095304558053,16.203522504892387,1.9541593019406225,2.8180039138943247,0.3074860702253071,0.0044189773766578,0.1463281270350268,0.0034770716432439,0.1516037260533661,0.0034800687139641,2.862848414121512,3.4428477483201587,1.4067980304167238,18.901580100384564,9.27845903855868,41.79921895354995,B
J0244+14,2.1281,--,FAST,1048–1452,104.0978613106433,59.05198818112616,74.71271084182169,1.8644729131194624,0.1937218559064975,1.3493691118922075,-1.6857694610156342,0.4168391652112606,0.3514687796780977,-2.8915657963178134,8.311588271361561,9.782583835816068,1.5308289998418194,2.5103337839312365,0.1111855289736625,-29.809981366645665,4.70787976800737,5.485967034236452,8.454011741682974,4.275275928387895,-1.0567514677103818,0.1467077162951894,0.0172691720971083,0.073272393812649,0.0090394277587191,0.1128484074469134,0.0091402113327477,4.48775469334037,2.2948754801608624,1.6939569461933637,3.447021907199577,4.85602386414674,133.76469902294787,D
J0402+4825,0.5121944487308313,2.7546031097621417e-16,FAST,1048–1452,170.7257705597075,6.071077770240862,25.20324759529487,-1.0888692330040772,0.7098810822337942,2.8005403350771707,8.92187248906039,0.2550240564246486,0.2334807243780901,31.60095578987209,1.5546596810712645,1.5770720073013038,4.921563374409606,0.4902875928983414,0.0105706105130005,8.480669401492126,0.235177172105244,0.3386449730485825,16.539589442815235,0.5039121584022918,7.038123167155419,0.4304018849642156,0.0062052041682802,-0.0729348386805964,0.004982112983667,0.0953950826744691,0.004989679910602,1.7790591509633338,0.6757048273950657,3.9227332005017312,10.15354404331259,10.15354404331259,31.27432536553573,A
J0453+1559,0.045781816872951,1.8612e-19,FAST,1048–1452,8.635408065298694,15.472596049560323,6.025196606031134,0.2463528640021721,0.4336241747563789,0.1715671265757905,-5.533224979603342,0.0576382555911445,0.0523971060465262,86.62433158020494,0.3291705025688003,0.323530516978451,33.38927786008028,0.4443593377127399,0.0118231817309393,-34.92055560719592,0.9731883383860876,0.6073905272629645,14.794520547945206,0.0894309920372953,-4.227005870841498,0.2189634799950159,0.0017270668414901,0.0151366482636801,0.0015894201542608,0.0281360067637032,0.0015897978782576,1.1521626056973793,1.901124344530613,0.7232323912300705,29.838508736941883,8.703479382734447,21.497792655591457,A
J0538+2817,0.1431582589117747,3.6694514834080876e-15,FAST,1048–1452,40.46341082751997,0.2038498235435,0.2641412333957404,17.568212816690824,0.086921068355501,0.1124047364443683,21.618218689106296,0.1878452816848295,0.1633650982373247,-62.565628990385925,0.3856141315763253,0.4383815065417593,8.536453320154907,0.0399348569417519,0.00027629875078,-2.1500136524354327,0.0019771841218023,0.0021344034040362,32.359550561797754,0.0699030100814777,5.715681485100141,0.9707205065191764,0.0002781244281882,0.144916984870134,0.0001856362688245,0.1459819310636018,0.0001856655835696,21.321870167673943,0.0785756918645117,0.1015280932074022,52.834632953884025,32.08231248490503,0.4679910569392405,A
J0608+1635,0.945844752002,1.351042e-14,FAST,1048–1452,97.02547706454594,62.19270922989613,70.35772757697063,3.61882468053328,0.2029512608549883,2.331544854482672,-2.734636775917034,0.8213830298586065,0.7873278437574296,26.84603272360321,11.977837063172045,12.01061065396426,1.1339796242197475,0.6250966375739695,0.016237938073411,-15.724282323948367,2.019637108097841,1.820622609669704,11.26099706744867,0.9342767872461324,-0.5278592375366564,0.0862285081583626,0.0072125293748518,0.0791190069476271,0.0063908951692489,0.1030326787134372,0.0064045178102585,6.636184391608143,2.587043146205678,2.319546994271574,8.189182230462484,7.837276072104712,132.55043680686674,D
J0613+3731,0.6191981810968724,3.2447682571897138e-15,FAST,1048–1452,12.455511401690613,23.73717030620114,9.053813749981476,1.785797142656265,3.191224448110176,1.2953272239995082,-3.061907537752929,0.2736120156603259,0.3156387010737997,13.836423494912998,2.372890970518542,1.8944061162077137,14.034703357729184,0.5347920194388571,0.0228877082544869,-6.921077065620623,0.2380709401807506,0.1713650927195296,19.72602739726029,1.21190330298557,2.465753424657533,0.3564409336392866,0.0038929388682222,-0.0393475953105045,0.0030059363427162,0.0545363743898579,0.0030084096640254,2.887797304579748,4.266438598472921,1.1706245829301716,16.799676617987775,15.39067466104061,32.790984056182616,A
J0711+0931,1.21409049248,4e-16,FAST,1048–1452,128.81063271205255,41.336637850234325,62.15035853179846,-3.362762470986911,2.620783123537694,0.9850326012449644,-0.5765089688254705,0.2332650320195177,0.2487694464626272,7.605119904747717,2.998156490664668,3.170306785289691,5.9470589599138215,1.380537604828178,0.2664325860535159,13.284243372152488,0.2934430839626536,0.4289415542542585,5.636007827788649,2.3715626502845204,-1.0567514677103818,0.3588057310032421,0.0021520447639249,-0.1023066662241315,0.0017278351034141,0.1058503908328783,0.0017284546429503,4.043716005625884,1.8290165190080816,0.8746248296072112,4.707248369726399,3.298246412779236,103.4869963820328,C
J0944+4106,2.2294312669798004,4.420641540762058e-15,FAST,1048–1452,138.8820203619349,11.31620524447817,8.830049775118539,0.1853677106187193,0.0273121305890539,0.0422787498374633,-3.8238467607605786,0.0125501180249658,0.0111727284805267,-12.96583477156578,0.1430862301831297,0.1345958518071519,44.84792895579093,0.2918494910155473,0.0006701936368571,-203.26323115859608,7.496358998852003,6.390912031473505,10.376160234489486,1.089027024715237,-3.693209574987786,0.3775373599057211,0.0013297063249301,0.0014025051837401,0.0009597028694871,0.1395247700613898,0.0009692556312311,3.4097877695523167,0.8325929399757518,0.5598419251420762,5.233310054090425,5.318717303017535,20.14625501959671,A
J1236-0159,3.5975735967,5.103e-15,FAST,1048–1452,90.14069355166198,52.27459783724099,56.0661943186018,1.9759998890696364,0.0443707036855771,0.907921447884827,-3.865108875066578,0.1178641663153068,0.1255160843709073,20.52777010780351,2.2800286653519386,2.0743164844032265,9.456626722758076,1.33884475169382,0.0193660122691241,-29.001502773842063,2.0833602362855643,1.8241690781437927,10.567514677103738,7.086528019220915,-1.4090019569471623,0.215124743169256,0.0048599165699392,-0.1203781967198551,0.0030899723380124,0.1524965418282328,0.0031425239546415,5.639951866379369,1.9229453020669087,2.0349602766851125,6.330862299724123,7.739864256671284,108.3407921558428,C
J1312+1810A,0.033163166,--,FAST,1048–1452,87.97002404558016,23.12747305108396,28.264209335030444,-7.548718129908617,1.049877234991352,0.3390828725475829,14.626818831295378,0.6946121287151534,0.6638685545398815,23.200741509589506,2.8905891861278583,2.5379152898857065,1.6137438283395675,1.4636627607508013,0.0011437885762326,7.607359396547621,0.8971473475354648,0.7827467898593028,39.685039370078734,0.2702938177693533,12.755905511811012,0.5827325928159574,0.0145198407509852,-0.2384578837818429,0.0129606378341862,0.2395641287473995,0.0129645348510407,21.120107917487893,0.8230490820870038,3.084224521242588,18.87878733523237,21.71343300452373,51.3916823861144,B
J1538+2345,3.4493849533157874,6.889090546017426e-15,FAST,1048–1452,168.76911431783637,8.523818190836238,18.755660999487844,-0.4980430038109273,0.3770329664895582,0.7818755336258294,-2.68763393769377,0.0505129783011706,0.0561675307661038,55.18199589424091,0.7932220915714012,0.8872509944642744,27.162194337859955,1.4721130979667478,0.0926665585834101,22.40618753231615,0.4059078705039809,0.4387663458603477,8.454011741682974,6.740229649888378,-2.465753424657544,0.3872742674865387,0.0034850800100875,-0.0682081737191925,0.0022391506098011,0.0837869966035348,0.0022431158809611,0.9773212106291892,0.4563425705818645,1.3356524726701733,6.1186282932260045,4.4488863838777135,27.27947919032408,A
J1657+3304,1.5702755247,1.734e-15,FAST,1048–1452,79.70715678650866,73.40955331482199,62.543624257581726,-3.04908817806761,2.154093105282972,0.22630081796849,-0.6033658102408671,0.7129110842810398,0.5511072838538532,-16.39085994494912,11.32386742046058,9.641079557283408,2.285683049110121,1.6289676035960228,0.1090390118820292,18.497450189558727,2.481420941867704,2.429689382585476,8.454011741682974,3.1253781167782004,0.3522504892367806,0.266973384151819,0.0135912958921085,-0.0250856377839603,0.0079697532434329,0.1261304755952265,0.0080626646270108,5.1390904098200245,1.7344929482039024,1.890864702870641,4.478121191845574,5.182622170319135,135.95317757240372,D
J1736+05,0.999245,--,FAST,1048–1452,105.77140993577626,59.45369408138277,68.67490015257627,-3.8223589307181736,2.83701579229794,0.2977286556212495,-1.5419148102680849,0.6526375024054529,0.5891647727639047,-0.5325780506813373,9.4983983075997,9.54739468077283,3.895341287172268,2.047175144194523,0.2085803758288396,14.436040659357648,1.2098166288742431,1.250739265546855,7.749510763209413,1.9676519037590343,1.4090019569471623,0.2354228330735116,0.0117809052821348,0.1045807504400498,0.0076931740727129,0.140683639109696,0.0077495955128645,5.362467487590736,2.038472226576742,0.962340227034864,6.1211711703463525,6.825672148819954,128.12859423395903,D
J1800-0125,0.78318548958,1.1537e-14,FAST,1048–1452,96.11501276912075,61.52376017176394,67.07339792592536,13.798940545754371,0.3670886574697842,8.529602678313504,3.582169566749954,2.379785404792563,2.32270118846564,-31.440515867898515,9.279787471673902,10.052448815982242,1.1368923772404238,0.5583786840465959,0.0201924989450676,-4.168744023267729,0.2657242936703814,0.2267405016985266,23.2485322896282,1.5321174102873147,0.7045009784735807,0.2430691435504783,0.0029940176198168,-0.070923692283076,0.0021122713297394,0.0814731127270315,0.002114249929841,17.83082258033844,3.765885479972819,5.761279598407266,14.501934733090472,14.501934733090472,128.59715809768932,D
J1807+04,0.7989,--,FAST,1048–1452,31.717829677894024,48.28328131733294,24.90519640835865,-1.0966769114232309,0.8452879129978188,0.9422703157642328,0.3770617584960757,0.2190821378967381,0.2027982543473069,37.21969817392028,4.150925061886575,4.067531955071075,16.406267963618173,2.3871622129588275,0.137208824689516,27.4687240615484,2.856220344110781,3.510413398524957,11.9765166340509,1.580913203398737,0.7045009784735812,0.2749622922039446,0.0111426582030406,0.033096632912184,0.0095118225998552,0.2051763444247205,0.0096262840076384,3.286271815067398,2.705536800255034,2.0478831955816443,4.906695580055793,6.315697537002955,73.1884777256916,B
J1807+0756,0.464300493199,1.294e-16,FAST,1048–1452,34.30684739968675,62.41555993891469,26.52742959064897,5.064677172944144,4.519710626323487,3.860844337053564,-0.6925829374342141,1.2038786509815724,1.31968034937931,35.28595157666592,6.784085133402044,6.1644986390092456,7.736911504122882,0.8821043932392465,0.0435700070550986,-6.384496604961294,0.7374333274750517,0.6826644158594988,19.726027397260275,0.9084268000802008,0.3522504892367806,0.0474851953868444,0.0024721711116245,-0.0418035856660732,0.001737045332515,0.0523616836655799,0.0017382254490614,7.773131372914896,4.835792416305481,3.149904661090952,11.612348103774732,10.907847125301132,88.94298952956366,C
J1808+00,0.425115,--,FAST,1048–1452,155.5918783566782,19.09278722008699,26.131005028918764,3.0869140303553406,2.6044775021512736,2.389618711912017,1.4782927978606564,0.244222294182995,0.2508061576366598,13.119303174829948,1.5950444172569167,1.5766162257297631,7.434115627406429,0.5330738917496438,0.03907814760485,-7.673681334062654,0.2381739708828334,0.2224112730009375,20.430528375733875,0.8322712253009873,-0.7045009784735807,0.3030972914314679,0.0028152746868667,-0.0255195151663387,0.0022212111078425,0.0284506517366599,0.0022214304188524,5.01798520571464,2.5827639744637136,3.37547972825011,13.807059921148335,12.398057964201175,45.22379224900576,B
J1809+17,2.0667,--,FAST,1048–1452,96.31401333948112,61.57694918105497,66.23774057756594,5.205461913107015,0.196698152296137,3.218723120690071,2.1892210017339524,0.8689171711913404,1.7398701736424138,-11.863720520724506,17.983292265649897,11.566520031431615,2.079951744174912,1.4448153849307863,0.0274907264966421,-10.955155975020528,0.9250425191811722,1.124826504331608,7.045009784735812,4.047864122294289,-0.3522504892368006,0.2240332744272711,0.0079546755336642,-0.0625899488632613,0.0048901556232637,0.082271737753405,0.0049055448642818,6.260809524880225,0.9407640589559596,2.3547254292185817,10.290982254180149,6.063976383338659,127.81468975862091,D
J1823-0154,0.7597783116616478,1.131476050843792e-15,FAST,1048–1452,22.68266218954611,26.2515235008927,18.361942975268256,0.5162330082031114,0.4966119338785878,0.4152756769108899,1.0798683513794536,0.0242816451511564,0.0261562522445806,-36.67837174189075,0.9228689985546836,0.8199014203767874,13.99469510810474,0.9109416759713244,0.0689355984111941,-42.800615814043205,0.9664912569823514,0.8022752204626613,7.034684904738642,0.3711028525246342,-0.087933561309228,0.1942123130262649,0.0012915954194503,0.0678278138173606,0.0010691724640945,0.101292899086476,0.0010722813592919,1.464710954721916,1.271932916368952,0.8831870905051398,2.877141907536047,4.685144365058003,44.61346647616095,B
J1824-0127,2.499470453902642,3.906532022998154e-15,FAST,1048–1452,151.82707623106137,22.27080742149528,34.63480395497065,-1.0217780970392547,0.7994842383301468,0.9436097708421494,4.717138956195209,0.1097537673883843,0.0934352121488517,13.770356521548186,1.6659356556470133,1.4655613482718035,2.794302397718431,0.2512339279138746,0.0179566193786073,26.476133144308072,1.6800568581901132,1.645800972532843,9.672691744015625,1.2256822974340218,3.1656082071323794,0.2553058469779828,0.0044902669732391,-0.1380724493921934,0.0035210439278668,0.1471038249503842,0.0035291346185844,2.53546046539848,1.4001669908564929,1.9774630707007188,8.146547847255302,6.387876621070641,56.90561137646593,B
J1832+27,0.6318,--,FAST,1048–1452,102.98571610679308,60.62593469220063,74.37233666411593,7.374542852517202,0.6338437167875455,5.3259995400589375,3.171537507551013,2.114606319812478,2.549623209554692,30.242354729583194,18.686480433604448,14.81480591875955,1.2701998479562056,0.9920918719029124,0.0487822633674583,-7.591650630801052,0.9961611114598306,0.9694580205179992,11.2720156555773,1.248891477973756,3.1702544031311053,0.2474407642883468,0.0089460831329693,0.1324773262277888,0.0077490003981663,0.1495591253753834,0.0077640058049801,9.136775446875298,1.744670174181583,3.501828637315286,7.748227658789505,5.637290932208558,134.99827135631656,D
J1833-0209,0.291930632181,2.7548e-15,FAST,1048–1452,106.10149357733592,57.71665263738876,74.59257035675455,-2.9319943859593987,2.1220211218772955,0.305541674993862,-4.628036742349318,0.5527409446080194,0.4851566735594321,11.325322149375674,6.637214888523529,5.604835413449975,1.7076741115038274,1.258574276040679,0.075151449060554,18.783190543523546,2.8084525223501906,2.6282436557221835,14.794520547945206,0.5901880672455025,-4.227005870841498,0.2400740785280258,0.0144762378494349,-0.0971871976743986,0.0105997124235374,0.1127998873463501,0.0106212116413828,7.733346956180518,4.0868899512746015,3.0170635809529607,4.882726467044039,7.798291145480423,132.3092229941433,D
J1834+10,1.172719,--,FAST,1048–1452,12.192277041103102,22.42967787356782,9.015205401432372,-1.4923276950860402,1.0992488566617813,2.492519060159969,-7.57545102677788,0.7862400181875202,0.7551934981479844,45.99661114341399,3.2173237478119887,3.129876612287553,5.192434542666064,0.5159538304233795,0.0217761481506162,8.109370743479278,0.3185596909705968,0.3340985897738528,26.066536203522524,2.2979000577030217,-10.567514677103716,0.2789970489119536,0.0060102696217532,0.0533587039536391,0.0047122758552137,0.0666590882065744,0.0047154024976254,2.976728036991998,4.434306533703043,2.125591552677065,16.025331752087098,16.025331752087098,31.44488327500019,A
J1837+0053,0.4735125297829605,3.766797146472513e-17,FAST,1048–1452,115.42982170361728,17.900689688949683,19.092160648950724,-12.423920717212315,3.1344213318701186,2.660648725415681,-29.752868912285283,1.3292231085079251,2.237753093990804,-76.26588925121233,3.9175161278359374,6.0167963035831065,0.9625783033486895,0.3710507780117924,0.0001817391475614,4.197727300570894,0.8437788775463391,0.5904059735226888,76.23529411764706,1.9106664957890565,-19.05882352941176,0.2166267793913186,0.0086543740506316,-0.0087027898437967,0.0079092042525387,0.0855723103839228,0.007931996966276,37.91437244903288,5.560975067827726,2.414542831395987,47.39992773581472,48.811692441697055,36.99285033790041,A
J1838+0044_P,2.20317,--,FAST,1048–1452,129.33066708631952,37.66642724490211,36.46108634809256,-3.174915160736189,2.2739894156950964,1.0542263436547632,-6.653993592792324,0.2476467781818563,0.1946980751307512,-43.067319673060766,1.4646725856482092,1.158033440461253,1.325672426601589,0.335056843061422,0.0114513895439301,13.96605391076204,0.7026579793625629,0.6764615383704111,17.243401759530794,2.157031439032396,-6.686217008797658,0.3666278482759632,0.0051382613094598,-0.0387763376972576,0.0039172146985256,0.0482000696328498,0.0039191193956254,7.516324347185739,3.752938250745012,1.7541361340158088,9.709642770844043,8.653924295770732,74.12751359299467,B
J1839-0223,1.26679012424,4.763e-15,FAST,1048–1452,101.34020560602237,59.58324547831647,77.42026411976339,-5.642579174951816,3.9390724591328414,0.7329644823255741,-7.800546799086394,1.897600441079593,1.648086454525835,-9.520651978645226,13.983038504999016,13.450028136958569,0.7682029441735849,0.794104611074548,0.0241041801977889,9.972053080549992,2.189421746102568,1.8796783924003544,14.794520547945204,2.58137971476972,-5.63600782778866,0.2236652325117296,0.0153002485512037,-0.0996815823120941,0.0133230667310628,0.1000725125125524,0.0133236558349585,9.236317329760972,3.4518483088931977,3.043840303162086,7.448296309849594,9.561799245270336,137.00350959807986,D
J1841+0912,0.3813203489970439,1.0903500374230782e-15,FAST,1048–1452,120.00089371523832,24.83720884116579,17.99448486907933,2.1930359037246303,0.27607615918257,0.7252738214003456,0.1761175070203998,0.0196645974675809,0.0161197126117252,45.0177843035059,0.2896300287458615,0.361231545494391,44.19558227749881,0.3246329489815096,0.0118861838079027,-22.63130817614464,0.2298497363206593,0.2129334827296496,13.190034196384945,0.1862837098603788,-1.021405182655144e-14,0.2942133366023906,0.0008671224656194,0.005882447903226,0.0007301466652263,0.0572750847351219,0.000731418707752,6.056673335592938,1.766004385296437,0.7575557977343436,6.595267482594405,6.771134605212882,42.83169371024512,B
J1842+0257,3.0882557929477428,2.9590500954284363e-14,FAST,1048–1452,42.02056347156534,50.51935834838135,33.815823106416815,3.678193029094182,1.843500392821504,2.8979655777672595,-0.2065464001467815,0.3218122074183546,0.3079033917725547,20.94436300222933,2.987286246216808,3.110566701578879,5.477956276063237,0.266141834772422,0.0282806782355669,-10.4344701499915,0.4394664691181891,0.4926083363066968,10.552027357107963,1.5111754469419132,0.263800683927704,0.2055866495191912,0.0022845913994631,0.0590348022164364,0.0016946939519442,0.0636680966286896,0.0016953641766482,5.183529492915119,1.91876505593404,2.079470543880192,5.570493640010011,5.746360762628467,84.33518145479816,C
J1843+0119,1.26699835538,3.758e-15,FAST,1048–1452,62.84015262151101,76.46934978069442,49.30540249885866,-1.5097407117455084,1.092489580009812,0.2861293848246327,4.848758472647763,0.2697471145453214,0.29699907441569,2.2596025064048355,3.693952168772285,4.494920230376245,1.7284556690832016,0.9769047274012026,0.066079196324339,33.770067173703104,8.255767861014071,6.709538521559228,12.681017612524482,2.6771269375454207,4.579256360078277,0.3331052776339444,0.021897969776432,-0.0805657900178227,0.017623953273025,0.0964487435234569,0.0176487631918862,5.801713464050747,1.352327118793435,3.7438396857723686,5.905509940358145,6.610010918831726,125.77475227955308,D
J1843-0211,2.027532892333386,1.4429387035108376e-14,FAST,1048–1452,168.06237487110627,9.05568472212468,13.704454354631906,-0.4751656682429142,0.3599082539602193,0.5320959752835479,7.729382374097148,0.0823645911517596,0.0810210180322235,19.196769680057,0.4380890073047219,0.331995817880486,1.7430526835636575,0.2005804385496163,0.0050330033124876,24.941994261334163,0.3321883031052728,0.5564830766820528,17.586712261846625,0.9912763975515346,6.419149975574015,0.5389481486004395,0.0029994168858929,-0.0728643815544286,0.0023202595442952,0.0758567832867651,0.0023207650496747,1.9124195441463496,1.2421442367438975,1.9653818112110804,10.631189897301834,10.103588529446444,22.760139076756587,A
J1844+00,0.460503,--,FAST,1048–1452,91.9653054819416,0.918435107297526,0.9938092951836808,12.399882204948362,0.0528411439281981,0.0621756439900949,23.92581647164284,0.4721982850392443,0.5382199867955073,4.284353922483362,3.426789991091704,3.0004287496354776,7.502888271584127,0.2493730989339484,0.0002532548517946,-4.6541998245321965,0.022430059313093,0.0250661665901237,26.77103718199608,0.8994404679500075,9.510763209393334,0.327838440534085,0.0006336510033892,-0.0721904097757245,0.0005649335879781,0.0727521145706908,0.000564949534244,18.126492808121995,0.0426268459309612,0.0474257469381069,29.914074788668287,27.800571853247543,1.9122444024812069,A
J1846+0051,0.434379520415994,1.1218300430982268e-14,FAST,1048–1452,114.1448276774351,49.23409919779621,52.21650082216836,9.664623160166853,1.019031393843509,6.5961722346958105,2.049807897856429,1.2920093981929894,1.392666962104914,-36.24592406932029,7.122946395676255,6.890777605599567,1.0006093582268791,0.5337651652144368,0.0295509443657491,-5.435492273206495,0.3352925772061823,0.3667018706771134,21.135029354207457,0.8679168301905807,-1.056751467710372,0.6441072733893778,0.0098344776065278,-0.1894661099606324,0.0080174867549731,0.1921594456617868,0.0080214393307286,13.357422347783729,3.5680020442342446,3.3717838694326177,12.969573064196949,13.67407404267053,101.45060001996458,C
J1847+0614_P,1.66302,--,FAST,1048–1452,84.05488910319005,68.09685386628871,64.4231382477549,3.8808067807811018,0.2077550846059619,2.613459782824167,1.6820580629061448,0.4756130882656526,0.4924243532430852,9.745884930410046,5.581115521333778,5.773777944536505,1.223632505104222,0.913382049774926,0.03325509542845,-14.69571127319088,1.7585952708809671,1.3794683370926304,13.385518590998062,3.286952274227464,1.4090019569471623,0.2740922952646995,0.0100088293197354,0.1578258385814985,0.0090378935666025,0.2160250685309573,0.009109434744902,7.721247923917037,2.8694723854023505,3.269217387827691,6.261314422984433,6.965815401458014,132.51999211404362,D
J1848+0604,2.218605206885199,3.747523870890193e-15,FAST,1048–1452,66.37891371177994,71.4330219557759,53.29908481335814,-2.293373670750224,1.7303800812190206,0.2613701404154409,0.9255090790574552,0.2479400578834079,0.3639277902025195,31.46587875123928,4.5895097182173,6.95326519747594,4.905603929699248,1.6408507648610655,0.1586207286537622,22.896090748556897,1.971459274446716,2.291489470714016,7.749510763209413,4.353721311605044,0.0,0.1793747870767398,0.0080446008619773,-0.1071704306248358,0.0056552026807475,0.1602726373289913,0.0057032606042842,4.1993650423689415,0.921729928348174,1.7772634136620395,4.800264460662161,4.800264460662161,124.73210676913403,D
J1848+0826,0.32866472679,2.721e-16,FAST,1048–1452,30.23394433080467,33.65984796533342,22.963623144653265,-5.309185282817934,3.96167689140057,4.05443000649629,7.651264711473741,1.0583411819293165,1.0315175165735724,24.13230773906686,5.275852012643277,4.85494917741266,0.8262888817973668,0.5283960361284401,0.0275211198917511,5.441810476658289,0.4438439475581228,0.4172878105719109,38.117647058823536,1.2929836804599624,4.235294117647053,0.2950729904855887,0.0068334781711262,-0.0173235492406494,0.0082824302779036,0.0478105712896588,0.0082864590438427,10.238059700036263,7.305984171605986,5.23111716554953,32.35714706441491,22.474794123238453,56.62347110998668,B
J1848+12,0.75473,--,FAST,1048–1452,163.35849196115657,11.396999577439516,10.432440888647676,-7.239612596092535,4.942158758563714,4.501214841749054,24.227922660611043,0.4143818288611243,0.4480018513847703,-9.399510078219455,0.7265857871769654,0.7873236482212533,4.127336145328765,0.1739254852468761,0.0030571656875979,2.272532503046333,0.0485087564315485,0.0757120750233206,66.22309197651666,1.7447485054451672,18.669275929549904,0.3632414881680592,0.0039871114861232,-0.0281332013543149,0.0016928729773478,0.057546292604483,0.001752000981523,13.294664981389058,5.626486197815695,6.011504874850836,48.5332064179496,38.670192719319466,21.829440466087192,A
J1849+0106,1.83225931855,1.7008e-14,FAST,1048–1452,144.63095536656994,28.0371322653036,47.49422218131478,-1.9781904843117368,1.5462319573404506,1.4868692587287478,4.1914738264960905,0.3131008888273632,0.2962625079939025,41.69993268616857,3.0775958953170672,2.881600772094963,2.574740459793595,0.6065407604277211,0.0465986528830724,16.76871823628579,0.7807171105189461,0.8651716981587505,9.853372434017588,1.7921604328879726,3.343108504398824,0.2888432376704953,0.0069206114656947,-0.0571266259064447,0.0056683008315833,0.0729814591001475,0.0056733636027611,3.526290517363784,1.557385957050489,2.0392186096259306,7.182676172537144,5.77505153910606,75.53135444661838,B
J1849+0127,0.5421554813451567,2.7967683650389753e-14,FAST,1048–1452,95.77698640738323,42.56737717798046,47.693315499825815,-5.056209360510829,2.011045016855883,0.2420302693538101,1.7649487918393991,0.3215384417935316,0.2927164306537062,31.424541898664486,2.416793948595817,2.285860902242181,1.5373737321374787,0.5804694676085096,0.0018399562601072,11.2888606127534,1.30193070614137,1.343711880850302,19.02152641878669,1.0609804902776974,2.1135029354207333,0.1564109261201928,0.0034834128809007,-0.0133847156829476,0.0030413912396061,0.0442166928557698,0.0030442494111358,10.754978400338452,2.555061852304493,2.302086612218556,14.086323223816168,9.85931735297468,90.26069267780628,C
J1850+1335,0.345583151872506,1.492434410110434e-15,FAST,1048–1452,70.89399280293453,54.71392307573609,48.386454680965855,11.00953297936062,0.7231502642838947,6.592515951115125,0.5357193259238601,0.4561890399010315,0.3440795617023249,-16.78250069953526,1.6595400643386249,2.193399127801417,2.536561843781872,0.1595756943411888,0.0128523863307985,-4.947913975291101,0.0778812007629081,0.0489815730758378,11.255495847581829,0.1688189872965591,0.6155349291646361,0.6235921352047809,0.0014051111837232,-0.0898011566074294,0.0010715639559625,0.0944226204817001,0.0010719933757477,12.289027009191235,0.8233946918970371,5.414903537210842,12.055015857433393,5.70756352703169,103.10037775670196,C
J1851-0029,0.5187235769552918,4.707721315965461e-15,FAST,1048–1452,159.7067281348872,15.329076445565562,39.00950940737434,-2.4067992987553373,1.8122091358904613,3.725655310712989,0.0593210681891431,0.6170644784057362,0.5725395045788286,8.887909365244578,4.116206120737868,3.884199594284599,5.745622842071255,0.7649661640345098,0.0410687276987813,8.258887029444995,0.620914302021653,0.6998277387804608,19.02152641878672,1.015948892554125,1.4090019569471623,0.1336690538302813,0.0044161665458736,0.0172095519043812,0.0036862986045914,0.0337521299716057,0.0036876542244752,4.228337600792818,1.823860831777627,5.29008807335275,11.683587213003245,10.860444098151374,54.3385858529399,B
J1851-0114,0.9531816851831212,2.4830817031390047e-15,FAST,1048–1452,24.858437790625704,36.551615587545214,18.86412689196049,2.108426486162257,2.4458517566244087,1.590074736764448,-5.860224447975414,0.3564074253029119,0.5536878653677562,42.581650452590594,6.659734656781311,5.4939587416845725,3.2631394075152613,0.8381746764774904,0.034319428673327,-11.426202000088464,0.943651078316547,0.8033377146336296,17.612524461839527,1.872528652885499,-9.769962616701378e-15,0.2196465875906671,0.0052458818994106,0.0549946686843904,0.0049415161279221,0.0599308266320246,0.0049429536259645,4.382774936590223,4.065997911641484,2.1102459743757267,18.18899157126309,14.666486678895168,55.4157424795057,B
J1853+0056,0.2755775995829073,2.1385552571152616e-14,FAST,1048–1452,36.30213785178191,21.338190043144905,23.56943698644254,6.857784879183732,3.379860880301373,4.3629508660907055,7.528731131966746,2.98765667036006,0.7175337873643599,-41.592953835880365,4.9289322477005015,18.148714483760024,1.5342639072786497,0.7369509307915438,0.0005583079132089,-4.958264020232292,0.3138665168318235,0.3014873190932849,28.23529411764705,1.1338324600182352,-3.5294117647058805,0.7999000667542239,0.0165157806292464,-0.3430030088487986,0.0121271620296546,0.3480877135115491,0.0121516069882369,11.300202407594192,3.768279061858226,4.174200624844788,27.999319367260867,25.17578995549616,44.907627029587445,B
J1853+0427,1.32065850582,2.645e-15,FAST,1048–1452,169.18255995167263,7.369881782194852,26.180147701034088,-0.4590170741860513,0.3115388055508399,1.046632966965844,-10.50251468669205,0.0761033983558316,0.09410226119269,40.643904249174646,0.7480744137874566,0.8403105707970795,5.42437762379028,0.48269350660021,0.0128521584702969,23.4270243051861,1.0751499340846813,1.273743097794764,23.2485322896282,2.588811230646728,-9.158512720156557,0.3169935718461691,0.004500360461884,0.1396084011634853,0.0038762700399219,0.1525819770935844,0.0038855102760422,2.2701023518638137,1.39881950724382,4.795431208789782,14.377270068296756,12.968268111349596,33.55002948322894,A
J1854+0306,4.5578200962,1.45125e-13,FAST,1048–1452,90.71172404102472,66.092689577936,66.44559402424453,-2.025433355565605,1.2731126686314638,0.0765442073596092,0.4703236750480059,0.3148808783094676,0.2969422134974436,-20.21403907480579,8.21895584433221,7.60951209462981,0.287786571842204,1.6112080620125853,0.0283476643464845,28.291868048798225,1.903125120730032,2.8787559639424742,6.686217008797648,4.504256585843433,0.0,0.3799110852084352,0.0156404398001411,-0.0429706253927981,0.010333061484597,0.1128906827265896,0.0104082340997615,3.908616403198849,1.5409220637726606,1.4923723822794803,2.4058075460157458,3.81343217944683,132.5382836021805,D
J1854+0319,0.628540823296,5.51e-17,FAST,1048–1452,56.32106064176883,61.07569829701311,45.44993733192976,13.861882472845254,3.739703940966789,10.856601996184738,-11.160832310594492,2.4015282950473047,2.788087846985276,-28.04053756256057,8.586765546644568,6.868452592042747,1.198496059622166,0.420589201927706,0.0356798589690328,-3.4733716982130027,0.338572937410154,0.4163554340695428,31.70254403131117,1.2494561217171385,-9.158512720156557,0.3605413547531934,0.0097816585741137,0.153577080523405,0.0075521640930263,0.1570350261885203,0.0075556304039299,19.76180906746357,3.000122302999747,7.960587556344879,19.967094541514246,17.853591606093524,106.52563562894288,C
J1856+0102,0.6202171151349284,1.2217096012223867e-15,FAST,1048–1452,15.991866325267964,37.90800252202654,11.183870956590264,-0.2689085062712832,0.1869344833415409,0.5056116254870675,-0.0145338974448163,0.1430383061658044,0.1640601629151393,31.855367266918083,1.6052820952662223,1.8912824876344343,2.98754629747704,1.0157106898048531,0.0315505341215471,58.70062120774668,11.51704045610117,8.374466726658241,15.499021526418806,1.2144630680974002,0.3522504892367903,0.0978375749142793,0.0043285664417257,0.0321141164396768,0.0035995112231382,0.0431182175790252,0.003600718370245,2.132960838373484,4.121925708699046,1.4500746198857162,9.525297106838172,8.116295149891009,49.091873478616805,B
J1856+0243_P,0.5466,--,FAST,1048–1452,29.11084313989288,35.024203791232054,20.240775831429445,5.37114015434904,5.295869547758538,3.689362385529909,-1.5005038560781347,0.8475410197005874,1.7914299388048778,58.72305834020607,9.074982181210515,3.850487573437413,1.12193273814538,0.5501401044143903,0.002914049105537,-5.1972777281808495,0.4634381275573656,0.3363439091892282,23.2485322896282,1.0816832931151117,4.931506849315069,0.5155961619954644,0.0095619068341455,-0.0544219820704682,0.0074189751968573,0.0719825298167943,0.0074248833077486,8.125783181749608,5.803585808395516,3.107848718297649,20.874280764101627,18.056276850207304,55.2649796226615,B
J1856+0245,0.08090668906,6.2117e-14,FAST,1048–1452,6.233358155781656,16.745164160146103,3.932957749597209,5.569083225507745,15.770261562715456,3.5504687287181067,22.301601302613506,2.7662441355506218,2.646857551227398,-5.388197289220321,2.1720301798940573,2.3127656546517814,1.364831115102126,0.3215426488475554,0.0072661638956654,-1.1188333034553326,0.1131597658363769,0.1095715589611021,99.21259842519686,1.0717856905013008,17.007874015748033,0.6144466177684617,0.0254253322386899,0.2364446072458984,0.0114138340494122,0.2364446072458984,0.0114138340494122,9.082022837565038,19.46784044221,3.693480132535896,86.83225696510306,54.90002649946389,20.67812190974331,A
J1856+0912,2.1707012972,2.6283e-15,FAST,1048–1452,76.95745835986605,3.9458247914954256,3.464350987387704,-0.0339510869709871,0.0074177318963395,0.0086393068501135,-2.9336176464775208,0.0386942041973412,0.0219112304410442,17.225101232513538,0.3781823837048002,0.3785136903697079,25.51345172263606,0.8553600735002576,0.0365691720506866,1644.062546089856,486.32239380295687,352.8934180770211,8.797653958944274,2.1239747600298093,-2.815249266862168,0.3435875164389328,0.0059786889726056,0.0211746339177519,0.0041502643948408,0.1019389530276109,0.0041772722266395,4.285135793962959,0.0582661666755781,0.0679217248865199,4.165289200729719,4.51719535908749,7.410175778883129,A
J1857+0057,0.3569290495376389,5.458509550019026e-17,FAST,1048–1452,88.36113549793384,18.651233246492,21.973896339628595,-9.53272780547194,0.7400998317863152,0.1126228965290554,2.871782404462604,0.3317704991127921,0.2493635201742319,53.73468356701122,1.6410411886827845,1.2153666296612755,1.4371568839319502,0.4145314260610842,0.0006241216480156,6.03577798921084,0.2184045723593861,0.2245231828818132,35.929549902152644,0.7049712945828556,-0.7045009784735914,0.4417117566828654,0.0043175819963002,-0.1243931020248634,0.0029303520701342,0.1336879292779328,0.0029353678341818,20.21860239641024,0.4183337695729207,1.8033978417068133,18.01855344164461,21.541058334012515,40.62512958612059,B
J1858+0239,0.197644188243,1.4e-14,FAST,1048–1452,151.91685191813224,20.00169936733292,32.74852203406027,-8.564768212431755,6.026563182555247,8.270585700412756,0.1665584556687274,3.275201833934557,1.328069876245787,57.52022812600256,10.524377325414008,3.879993737876198,2.3241570353841032,0.7200008115781813,0.0129470541486824,3.1609540389482564,0.1520711030596526,0.220266840090225,31.05882352941177,0.7945387002909978,-7.764705882352933,0.7417120719715276,0.0113592768019796,0.0041764248470945,0.0077191976089618,0.0363799774297054,0.0077247651601962,11.877447575870296,4.761060460645973,8.546078769358052,23.460676102727547,23.460676102727547,52.75022140139319,B
J1858+0241,4.6932329333315375,2.4317184644624555e-14,FAST,1048–1452,72.93093955090761,70.80316130192593,58.6699916458881,-3.828512322243027,2.8510390922412068,0.3383886264291664,1.934899661011862,0.8570210209313134,1.007676265912504,36.392088154500414,12.055192768091274,12.814467357595088,1.7023513629755054,0.7735939112400811,0.0634819971078288,14.316990733200925,1.560259261020315,1.5633721042451114,11.26099706744867,4.675778713414004,2.287390029325511,0.1624991551425528,0.0121857358773894,0.0167286323808336,0.0091798356324654,0.1390303901503713,0.0092693466456138,6.556576252275122,1.7694401935055115,2.555373776782692,7.038707377111297,5.9829889020379845,129.473152947814,D
J1859+00,0.5596363,--,FAST,1048–1452,162.8512994208868,10.822293610997434,5.37882952479788,-17.713642401428366,11.241823749298938,5.778265316037157,-18.77098536422811,0.9644107566230282,1.1907128793733577,-41.83872053954826,0.8562517734688981,1.0346677109985336,1.4272880833648875,0.0702441030701883,0.0016825946930294,0.9690815090370184,0.0169001468236887,0.0150011322390199,61.29158512720159,1.0945433152952058,-7.045009784735816,0.2398241082953132,0.0009329170012042,-0.0419392938692505,0.0006302532770321,0.0466247376668933,0.0006308011751246,21.712800285233005,9.857089100381152,5.62394584275547,72.66531021745706,42.37176814309309,16.201123135795314,A
J1859+0126_P,0.9577,--,FAST,1048–1452,98.98103122077318,61.76796116006382,72.86328328948345,-12.4808734367829,8.842589324665596,1.1347602814322355,-0.3293813958244662,3.762892725720536,3.436283461562648,-14.461007851133656,17.003505537418896,14.276714658952578,0.6356700575460196,1.1273509239168709,0.0433254606559104,4.570465026285192,0.8333766655464423,0.790673897974882,22.588235294117645,3.990279513062096,-2.117647058823522,0.5790912428244228,0.0205142241540633,0.0577595453248873,0.0176479027748454,0.077409938166196,0.0176670199901413,16.808607516780082,6.108002070705179,3.901425234004364,17.317677427704943,13.082383310057878,134.63124444954727,D
J1900+0227,0.3742615751558604,5.7051214259716775e-15,FAST,1048–1452,17.57827315990587,32.650056042144854,12.9073136363276,3.0941855374255622,4.986346594670178,2.245866842603124,2.064325776665871,0.5413714832750509,0.6556607906991561,13.75775007269213,2.9561478689672107,2.5739290878209253,1.7392391528861215,0.184037193483411,0.0093221576811313,-5.5950818040975925,0.3088682879499931,0.2571930822403319,26.04105571847507,0.3677091592341785,-1.231671554252208,0.1678658979931445,0.0028208038579035,-0.0441066512015166,0.0023009230060599,0.0513897077716154,0.0023018774812313,5.252472484201078,6.7977188831187725,2.195721524266803,20.187492932091097,16.316525190155616,45.557369678472455,B
J1900+0634,0.3898721267340766,5.123807676911798e-15,FAST,1048–1452,26.910476797622053,41.48430733556452,20.60320176888624,0.726996093752624,0.8084918116174659,0.5508248105722151,-3.205372271530749,0.1403782604438253,0.1352314584876564,25.74851089547437,2.230142668000319,2.769200987500998,3.476896342765622,0.7668092335155121,0.0451516813295023,-35.67094536377845,2.382811928202692,1.7489192348124265,9.853372434017588,0.3845620847718405,-2.639296187683282,0.3037209940874062,0.0073679199588032,-0.0977626916720977,0.0056263346029288,0.111458192052352,0.0056351165544614,2.371099365683666,2.309914209097215,1.4521647233896453,7.252293092645115,5.49276230085626,62.08750910445076,B
J1900-0134,1.83233207264119,3.048959161480971e-14,FAST,1048–1452,83.95096260361022,64.24923467932042,62.42678119826931,3.506269958849213,0.1187249936646606,2.2599638936930653,3.508943726447306,0.5484680663756962,0.4530618827764265,11.853139855163116,4.134670234906258,4.979356471770564,2.1122953531721773,1.2288919987687177,0.0469559180472414,-16.26011095833686,1.3578031252268072,1.3199952632171694,10.567514677103718,3.5891570583787504,3.522504892367896,0.242706654079562,0.006861844501651,0.0908969395273524,0.0063802980557413,0.0986351023411371,0.006383228010277,6.328226140309095,1.939882393299298,2.432283707776316,5.2973185044724485,5.2973185044724485,126.67601587758972,D
J1901+0020_P,0.21481,--,FAST,1048–1452,85.80974583852202,69.17354940347553,64.67188470929509,10.34705770920209,0.4831617423819931,6.770867040138981,1.5187705965982286,2.4539725557636114,2.1473921115476866,-31.60890678071326,10.889595248784016,14.778047857990805,1.246493404604291,0.6927680697855669,0.0086221631757228,-5.552728891477981,0.7244141188749342,0.6496786863186337,17.61252446183955,0.4299107544551286,-0.7045009784735816,0.4379634399829615,0.0102828723748156,-0.0231948172909977,0.0083125716362835,0.0361005352842945,0.0083158406608768,13.578582102063972,2.860363520777441,4.811103865425497,12.438535762938749,11.029533805991584,133.84543411277062,D
J1901+0124,0.3188191645837684,3.24929663925228e-15,FAST,1048–1452,77.81627262489162,38.52523732515817,43.8041244551657,-6.621927294687981,2.750340109779532,0.1778369168069788,5.991859083449855,0.8167976430404593,0.9106436282335012,54.58964903072059,8.317825464185468,8.1531772447088,1.2164687885812808,0.7274433036757713,0.0040279485347798,8.476402020055948,0.5740104019562562,0.5169862885077805,16.20352250489237,0.6325248307529828,2.113502935420734,0.5940847592699423,0.0087564939673231,0.1956588330492761,0.0073902317550297,0.205760609553914,0.0074039356990845,10.23294200043074,1.4996479683140962,2.440835942888195,11.275616422001724,11.980117400475304,82.32936178032386,C
J1901+0234,0.88524028123,2.3034e-14,FAST,1048–1452,95.22962937422524,65.57702711851763,73.29007676010846,13.56283708060968,1.3864094780085487,9.567182773700887,-2.133195495681708,7.100285058074555,6.7911957756053845,1.861666176136346,35.55129072174917,31.003282843887646,1.0542053068948505,0.8397819706604466,0.0114865599661462,-4.246430660121636,0.896648440202573,0.859946221658471,12.681017612524482,1.7799061721159293,-1.056751467710372,0.3860402276339353,0.0127675135339297,0.0650263678763059,0.0098922577662602,0.0716497094101542,0.0098977633742958,14.90656243976368,1.810010238001196,7.525699441238766,9.5304557696543,7.416952834233577,138.8671038786261,D
J1901+0320,0.6365844782166424,5.227593392991978e-16,FAST,1048–1452,142.45823316194748,28.882014099532284,29.49391627937485,14.012610330466869,7.129691897081132,10.513273058919934,-19.472928170958816,3.0131955039854503,2.967459709649468,-20.17042895047649,7.030830829372565,6.94684405705209,1.0579329468522367,0.4171440617996327,0.0170266438395785,-2.5165237578082795,0.1662453046918215,0.1837261606051292,57.882352941176464,2.505688779365127,-14.117647058823538,0.2718518535849346,0.0044050933814021,-0.0762646988176925,0.0043729912581061,0.0855044047645611,0.0043756276148666,19.97132517822818,7.725528936352374,9.03271316151842,37.11998699448824,34.296457582723505,58.37593037890714,B
J1901+0413,2.663079683044812,1.316273974714468e-13,FAST,1048–1452,133.8620764023252,36.2460313161213,43.82696554874762,-3.7122547402022654,2.837995546818914,1.5437673277447486,6.012234473957898,0.2625974129407122,0.2874025186512465,35.369812081889194,2.3148869705911466,2.318456387205174,3.0388092094498,0.7250139171538343,0.0640935814942023,11.13601972981001,0.5351017333790651,0.529386480112203,17.612524461839527,5.261565191670472,4.227005870841476,0.2938132906687464,0.0075957116871308,-0.0803415611861284,0.0066472114948483,0.1097487745260234,0.0066698905292979,7.517435277723256,3.5679426874876228,2.235946036692715,12.70499376945693,10.591490834036186,80.07299686486893,C
J1901+0511,4.6003689902,2.5338e-14,FAST,1048–1452,111.30328842363872,53.90933886425785,73.43146084474942,-2.111070464097891,1.5389678452457916,0.2119460857272215,-2.7503341965631303,0.2038122537711504,0.2243519547319037,46.47939425763184,3.552993751587131,4.064152544375119,1.4755317126115657,0.6226768034637964,0.0413409944712892,25.291841900638005,1.605875769157084,1.492745521856154,6.507083536883234,2.2519377684404733,-2.286272594040069,0.2374500703596112,0.0058228259319555,-0.0163040390911806,0.0049293168332593,0.0485557813822689,0.0049349037608144,3.711134889673112,1.5512027211274495,0.847506996222893,3.1900020031093104,3.71760337096468,127.34079970900729,D
J1902+0723,0.4878126283,2.1e-16,FAST,1048–1452,19.05914836925545,35.51455617918117,14.068352680876268,1.6990113116362433,2.6486181945005542,1.2501507788278896,6.660114629644249,0.4707997574670237,0.3614423095283534,-10.357965328507849,2.2051845501932537,2.809007520817504,2.476463653139783,0.4448271194406428,0.0196427559902199,-11.013663791093922,0.992418070306142,1.0561845040806244,24.65753424657536,0.9610473783184906,5.636007827788649,0.1961011391025567,0.0051818951009602,0.1633584940857962,0.0046269328648246,0.179427468987605,0.0046431388532697,4.518938495618564,6.009261507547269,2.454184545568931,20.397883709879093,13.35287392514328,49.58290886005744,B
J1903+0851,1.23188198312,2.71523e-14,FAST,1048–1452,93.02995952538144,63.54289132214694,69.9501217266712,3.157188200189785,0.3791964171833739,2.0642860774819725,-2.0778688345062006,1.224251345630774,1.031710767947064,-18.282824267484543,15.14211057549784,17.151414445491184,0.6251211872673064,8.723568834738883,0.0118118875471506,-18.13152818765625,5.088776256229636,5.289399336368543,21.176470588235297,5.065034127861795,1.411764705882348,0.2503021222379362,0.0348773350631454,-0.0331699299752185,0.0278131879470228,0.1915554697811496,0.0281577904996228,11.01471735933204,5.977910776213153,5.6097652460016745,4.1955158933297225,14.077868834506198,133.49301304881814,D
J1903+2225,0.65118538418,4.45e-16,FAST,1048–1452,84.61463164457373,70.50654467131392,63.71046628264055,-7.579770905108306,5.0480974372161445,0.5708707396142767,-2.982742493977423,2.149760281278261,1.6678080079587914,6.381545752889224,13.73969605274076,11.1284760611036,0.9016405069354194,0.7168767701243111,0.0160355131763029,7.547668799820539,1.3061879629933353,1.3564510064784638,14.090019569471623,1.290187074823684,-2.4657534246575445,0.2432124441994267,0.0115112905721054,-0.0309386468811028,0.0091482133190894,0.0703208670652855,0.009165441235257,10.283262240322838,3.4731335147986155,2.4749267484651165,7.561998854055691,7.561998854055691,134.21701095395446,D
J1904+0800,0.2633559258520043,1.7291708601972862e-14,FAST,1048–1452,108.67080775678173,15.412595301559108,15.082833136130787,-5.43784248849119,0.8686200886950148,0.5464510297425669,9.708617210345908,0.7252191093204043,0.4637217397100066,-14.30201353678837,5.5875265943341095,4.0188871908245165,2.2766077353531458,0.2631314131100621,0.0001137375238284,9.996993978562347,0.547359329154224,0.528583189548204,21.466275659824028,0.2593725936476362,5.982404692082106,0.3131032734308607,0.0039775173032788,0.0619859358647067,0.0031080314168929,0.0643811644106316,0.003108585233074,11.65958360679645,1.0879722549584336,0.4597573058800369,15.8669749816069,14.459350348175816,30.49542843768989,A
J1904+1011,1.8565699318203088,2.7609283813031515e-16,FAST,1048–1452,4.853437347954412,18.361248228927,2.8190956465257075,0.7393534688662742,2.7333932867598305,0.4283809380429106,12.291423506151856,0.2130026988331348,0.2357139325821293,11.527807017764738,0.8121285713119644,0.689020165200974,2.839722120375884,0.4669188483117525,0.0063454403316249,-6.5567686457320695,0.1969340032683426,0.1454080923999585,33.816046966731896,3.643603646639945,11.62426614481408,0.437852591752332,0.0042843892183587,0.0750923405357966,0.0031628337998701,0.0847507865593142,0.0031657850025685,1.6991346873457516,5.557449196055681,0.7098789621697243,16.870679866230144,17.575180844703723,21.180343875452703,A
J1905+0616,0.9897968110470422,1.3518280712383828e-13,FAST,1048–1452,112.61433866310126,52.56804641639296,59.59090809712758,4.869021979688277,0.4476334346839152,3.510991656506782,0.9749098936870404,0.2919047237539807,0.2850987452069049,25.30501199514309,3.0095902811291886,3.187809681124314,10.333950360421662,0.2205457598759732,0.0593968516536875,-10.875746865368198,0.3037271243464339,0.1495614899056452,7.386419149975573,0.4840180057737919,-0.087933561309238,0.5354958566374606,0.0025351611710819,-0.1988888692538846,0.0020795322744768,0.2002224901037798,0.0020799975001109,5.906797277467079,1.0442235687254646,2.2592398996287466,5.107787275220997,4.7560530299840655,112.15895451352054,C
J1905+0709,0.6480443321213085,4.941686457394704e-15,FAST,1048–1452,38.41881666390826,23.901419593285823,22.610615122753025,-7.02902773427854,3.944188549158992,2.9310441413625083,-1.127801613561029,0.2992215627233674,0.2678360708616036,44.05751332438763,1.358978628204973,1.198311574523686,1.7706724511620364,0.3863350203163835,0.0036886634217376,5.077993355294597,0.1074775539733448,0.1035722676993184,33.816046966731896,1.2670258846872429,-3.8747553816047073,0.3149632114529502,0.0020009387179222,-0.0036086768744896,0.0015269560425098,0.0161725341885084,0.001527129393549,11.904375477305788,4.354555666587457,4.401627979531422,29.660091241741057,19.654977251409623,46.51203471603885,B
J1906+0414,1.0433616286550669,1.1460817523240608e-14,FAST,1048–1452,39.8720212894256,32.40773935565991,29.09361349546613,3.193232623930913,1.855944986120162,2.273761018710234,11.126792343344444,0.4214473287173526,0.3874364119157469,-12.077120089354416,2.580047975881934,3.435118103049625,1.1427063647699616,0.5052481306109611,0.007989081174329,-11.50868545891794,1.118574416226943,1.0087361024674166,23.953033268101777,2.055749600376369,7.397260273972601,0.3634039019906801,0.0090891403218009,0.1201229270556284,0.0093160794949359,0.1331912593451718,0.0093249030053215,8.537534043604722,3.53493077833196,4.517680219172469,15.706048703422733,15.706048703422733,61.50135285112604,B
J1906+0641,0.2672768181290841,2.135627482107011e-15,FAST,1048–1452,79.65658294628366,2.851648982976826,2.8537118835030952,-9.68595336783586,0.0602580380340587,0.0428347523986385,-4.072898041747637,0.0635589075172209,0.0741378443742828,4.21998390561394,0.3040052002490689,0.339282503267956,38.0155506274611,0.0510424448495641,7.430536065555771e-06,5.84702881896258,0.0538554526822601,0.0545785045054785,34.6458231558378,0.1305801329928952,-4.572545188080118,0.3313016651066827,0.0007655373541777,-0.0244938517686932,0.0005598340889193,0.0570973838153929,0.000560619872928,19.29626971792593,0.1821212628326615,0.2166175638822617,35.23340386347953,17.82255872425138,5.705360866479921,A
J1906+0649,1.2865643795569428,1.5228280705251618e-16,FAST,1048–1452,113.0911028572534,53.82774052128863,68.42100903112402,-23.16448384290049,17.722412071970183,2.831957560877285,-3.869273289641402,9.685160583917984,9.657835161784517,-15.32194670294247,21.605502060853148,28.632781618030336,2.5577884471945174,0.4226687246769769,0.0437579348797836,2.3384537005134947,0.1466041352487184,0.1670771919467952,15.483870967741922,1.2727054772994717,2.287390029325511,0.4372723650924801,0.005256434619561,0.0936522006173256,0.0035454385824795,0.1134882980292357,0.0035551075217602,24.35685014390845,15.32268046301726,2.844427617951601,14.954317277911189,13.898598802837874,122.24874955241263,D
J1906+0746,0.1440731553806599,2.026782986477119e-14,FAST,1048–1452,81.98277500425172,71.73125806509199,63.85542218798909,-12.463793822194766,8.91314814894259,1.3450758590194545,0.3568633873509306,4.91979314103874,6.853406692125131,39.18112114137323,25.183763268934364,30.507263399328167,0.8544321931180302,1.6788538978258083,0.0484832499077986,4.588148015576729,1.016433690269943,0.9986852376717956,15.529411764705866,0.5757395826604993,-2.8235294117647154,0.5678483147723722,0.0206155311529536,-0.0618253441176794,0.0178916585699603,0.0916352710491155,0.0179156829830945,14.550322581722194,6.28111051660912,2.3197037475669213,9.533333975586231,10.94509868146858,135.58668025308108,D
J1907+0631,0.32364802449,4.521551e-13,FAST,1048–1452,104.56253599873146,54.45841493731784,63.58580130963252,17.33864971681778,1.7554804156654915,11.033137268839706,5.403397719923717,6.564147262748792,8.249582557288937,18.51131616807085,23.255772872487466,23.25831366739556,1.165830922704319,1.3558100712856187,0.0024407362549596,-3.247693123803748,0.6091548724515632,0.8016847864479235,45.35433070866144,3.0621463664666204,-7.0866141732283445,0.7040732798643978,0.0376452214502327,-0.1008164208058347,0.0308357242656247,0.1086091102013744,0.030860466241497,26.996170679698647,9.379941203140254,5.263729981384285,26.66324023960876,35.16717724748278,118.04421624695036,C
J1907+0709_P,0.3441,--,FAST,1048–1452,136.9191801398312,34.386416280526106,61.39522167465368,-1.463927143803976,1.1459783181091343,0.7857881037907315,-4.699704840054676,0.2627626598334194,0.2138167260898624,10.198379593636142,3.960124245835445,2.780501540434236,1.9039859004291908,0.4311788662067579,0.0347389388604739,26.735589372417497,4.46643599385931,2.996146229794295,20.410557184750715,0.3405365354509733,-0.5278592375366573,0.1215003909408659,0.0061434894967889,-0.0204490472975034,0.0056581497425552,0.0587371402072335,0.0056661441673932,7.209658880718095,4.997833150542145,2.756282791962977,7.792963781646212,14.377124194893376,95.7816379551798,C
J1908+0457,0.8467928462,9.8e-16,FAST,1048–1452,104.63558398396496,7.434856155626591,6.788623071781785,5.185912185383144,0.0956375003687828,0.1868802882671172,-8.23156269063123,0.0445743519463608,0.0471085167290734,-8.145802666167894,0.3553992963100807,0.3206131778515466,1.4408704313806542,0.0964968642996311,8.979617655624494e-05,-10.704468863010156,0.1284271648272472,0.1120393332449527,23.21446018563752,0.4143226668605962,-8.00195407914021,0.4837812103506435,0.0014708444066556,0.0033067519291182,0.0011589433416403,0.0168743251892963,0.0011591027277976,12.23344796413255,0.4888294861577749,0.3085666443113324,12.60869133965699,11.83683870430978,14.223479227408376,A
J1908+0500,0.2910229194785753,2.592417512143023e-15,FAST,1048–1452,134.48959652375422,33.33711414407966,30.85744864844966,2.3609395323513764,0.8273587572151984,1.6597711576987375,1.853546051836093,0.146930467672095,0.3639399644342878,-19.971996338719464,8.129258811991228,4.396012073918428,6.515444910959747,0.9807663951902272,0.0342545720005809,-17.317301133857395,0.624309504770693,0.6393101831488011,5.636007827788649,0.5684748177927234,-1.0567514677103818,0.1427818943370728,0.0021199081001894,-0.0229297837590678,0.0017185011908696,0.0355942106859172,0.0017191013122261,3.073934381610169,0.9323576899552324,1.093906752335835,16.295816110544518,5.7283014334408,64.19456279252933,B
J1909+0616,0.7559927608522158,2.0580617211139008e-14,FAST,1048–1452,32.28501847102949,30.5483403656068,24.279014653846342,4.629818380790404,3.3770409304918374,3.441547445739367,-5.075167643756331,0.7155873207644108,0.3510954423401449,28.93060016217727,2.1222354187950536,4.02143416871241,1.1097318933121156,0.309925719047426,0.0096658178608319,-6.6172789804883125,0.3393548770646903,0.2721435304792114,20.762463343108507,0.7427466645708691,-7.03812316715543,0.2389455443028115,0.0029409168611131,0.0635423656295296,0.0023360515945803,0.0700272296536274,0.0023371284863602,7.4821578695543876,3.9676512532188224,3.0484519125668164,14.45562414509998,12.344187194953353,54.82735501945314,B
J1909+1205,1.229312421,3.4e-15,FAST,1048–1452,115.3914077501958,36.86130377858211,33.755574655382986,-3.337954777695284,1.6851907143152225,0.6018075542623258,10.08541310812169,0.3205594230561583,0.308552729592515,49.17314829271652,1.7372704229462317,2.0011002037800054,1.0447696755028293,0.4579558006751376,0.0019322308056086,15.515571500761384,1.564007283459988,1.22135303927943,25.362035225048924,2.4949074080049893,8.806262230919755,0.4269229963276061,0.0112823887983676,-0.0953196007155368,0.0095759905783963,0.1093445844371796,0.0095875505854941,12.073675007554844,5.042047957978308,0.8734865263431936,12.106367713796129,13.960168489726396,70.6168784339651,B
J1910+0728,0.3254205036966234,8.308267149063707e-15,FAST,1048–1452,152.60385550594947,20.775944986070584,23.1564242711894,-4.051267294709884,3.0529948679464205,2.877746515951703,-2.1109127452653604,0.3544659345731298,0.3516400764507095,-9.286314756399264,1.9835702286925905,1.7759070442049083,4.138285270844393,0.5340332651199375,0.0192431390523921,6.513039412192551,0.1956058164898753,0.2643656757376345,21.83953033268102,0.6358838722583142,-4.931506849315079,0.1535083173411041,0.0016266202703915,0.1044363757963001,0.0012760489358635,0.1077879200847514,0.0012767773855243,6.707912872225001,2.796527698452977,3.5908884287088907,14.444860248863808,13.740359270390227,43.93236925725998,B
J1912+1036,0.409349485862,1.5762e-14,FAST,1048–1452,70.52214957311352,63.99225006303243,51.4854926813767,25.46221707214098,2.90930612808414,17.712975946836856,10.85760481135954,11.926986843603128,8.485097740360342,-26.9877129574761,17.64657006842402,34.64409590856045,1.143352575479632,0.7378984054186697,0.027539693919935,-2.192918828482272,0.1979273387848836,0.2621144549725853,25.41176470588234,1.6453495963107811,-0.705882352941174,0.5829317204139389,0.0126563936438196,-0.1769582513478427,0.0103723087974629,0.1810067816740929,0.0103814250392031,28.368708050557085,3.387587093529226,14.063624799731686,22.857604811359536,24.269369517241884,115.47774274440911,C
J1912+2525,0.62197624506,2.25e-16,FAST,1048–1452,103.15995556746176,60.30982541237152,70.61287087267263,-2.0067512297959245,1.4523090816214936,0.1470527673560293,1.9769297058023585,0.2528412542440705,0.2573946544077188,3.259715361814319,6.415099119300869,5.981857386524488,2.3207898526614383,1.3290521473786945,0.0628556709139345,27.8073834451752,2.829990225389878,3.2749077598133525,7.39002932551319,0.6094563680680495,0.0,0.1133753181750611,0.0050649698414981,-0.0480253530058127,0.0043225553157187,0.0784498844861648,0.0043301714889429,4.1319495087521725,1.901635374298464,1.3484338147008577,3.9124135767700974,5.671944368558953,130.92269628504414,D
J1913+0657,1.25718110369,2.829e-15,FAST,1048–1452,63.23149075285493,87.09569901410566,47.96220400774612,-0.7915695911818732,0.5739710562600396,0.1663696227970161,-1.5615852593404305,0.2349817367571929,0.2982629341735276,20.606275806591853,6.4512369217004775,8.730149706221091,3.917751213473029,3.691347108426555,0.17917641484562,64.62756898654156,21.130747890674257,13.675587856208558,6.3405088062622506,2.533910160552814,-2.1135029354207435,0.1548144261240229,0.0217319805339348,0.0526331013369196,0.0159835943583403,0.1337596220336976,0.0160971527649747,2.9294362817724844,1.1587297555478149,1.795082343744174,3.0176711007378576,3.7221720792114383,135.0579030218518,D
J1913+0904,0.1632505367862031,1.7620275453554832e-14,FAST,1048–1452,168.18247269645713,7.823393190122232,18.40431782330413,-0.8198078135384752,0.5414103645945123,1.2921337082981237,13.114668513632202,0.2341000479736692,0.1859512072391478,66.64807033419373,2.3345264131832693,1.2076292758023612,1.4302771420102574,0.2475013040864606,0.0003473789859171,14.31349793100944,0.3680832375233844,0.8464822937641081,15.835777126099693,0.1598212703840287,3.1671554252199385,0.7186894855215503,0.006529800686835,0.0714935631004236,0.0046706522091672,0.0848574933424807,0.0046756949217125,1.8646365257954225,0.8696422003546376,2.4164108525573265,22.7920878684709,17.865401651462108,26.22771101342636,A
J1913+1011,0.0359108619640691,3.381612681640128e-15,FAST,1048–1452,46.87816790761443,24.478734651173788,31.993907188048333,-17.72523546228623,11.473860061923098,4.858205736859681,-20.283592795742507,3.145749314808328,3.1048346860292355,4.159185632565096,7.126431075531306,7.438819201817036,1.2964917343901865,0.2478881248032831,0.0004853285464889,2.397423478868608,0.1468109207794441,0.1200169702323203,40.86105675146773,0.0703325994187865,-9.510763209393346,0.2180993717523426,0.0034167185713318,-0.0108140775362636,0.0027026554826061,0.0405780577628389,0.0027043225366171,21.54007522451448,7.17997152016517,5.43306843573414,33.316860897503744,31.203357962083025,56.47264183922212,B
J1914+0219,0.4575271458212469,1.0181236183637197e-15,FAST,1048–1452,57.985805725039,19.15178868685912,21.799439136906265,5.678992429015009,0.909951285109118,1.7686461520017485,4.051628299770745,0.0817833861727779,0.076222683602241,-5.914088114811879,0.5460471343218654,0.5433004312572312,6.193055729099995,0.5603734644302723,0.0003367366449538,-8.568719179613119,0.1153457527517396,0.128697303354107,17.61252446183955,0.8938763434401771,3.522504892367905,0.4472491057536844,0.0015232448026919,-0.0362500440475624,0.0012012691203979,0.0619305433737561,0.0012026230294679,9.552560623361186,1.002991917317959,1.9043510323048487,14.971393466111262,9.335385638322611,40.951227823765386,B
J1914+1122,0.600998442042342,6.532502937371876e-16,FAST,1048–1452,35.51712005080633,32.453908227495035,28.00207330501432,2.1595417343870618,1.3470265934115422,1.6765874768637583,-3.749969535904991,0.1364867999058518,0.1159008981794609,-24.36803675872973,1.2768263340583772,1.5017588030535087,2.028250610938902,0.4176909237749378,0.0347738267999924,-15.416996381018782,0.5984504883873587,0.5572067501122078,13.724340175953088,0.5936458465459878,-4.574780058651032,0.4305002495255193,0.0048997970022305,0.1538676763744883,0.0040427693977161,0.156369922074393,0.0040443924606196,4.623315259358057,2.286536629859938,2.31182764084948,9.798417560869208,7.686980610722584,60.45598153250936,B
J1915+0738,1.5427074142695745,3.29693942381842e-15,FAST,1048–1452,150.90310462925888,22.346553507075896,25.15033557422205,-0.6805410923131704,0.5165305537572139,0.4748233244834309,2.7932452533010976,0.0905991924922031,0.0751881296271452,51.31679450018267,2.3309998944313577,2.258681910967965,20.154635423135414,0.623034714997857,0.0545144253539113,40.94228460753885,0.7703489331889983,1.0308114521311893,4.2208109428431655,0.7539889294929082,0.263800683927694,0.3581932726445582,0.0028591040267021,-0.1663111582122592,0.0025266967440753,0.1698299567967739,0.0025282358062744,1.2404405125917806,0.5490315539080567,0.6868256284119738,4.46398291817653,4.639850040794986,47.49688908129795,B
J1915+1410,0.2974941216695512,4.894202209264958e-17,FAST,1048–1452,109.29784145676174,43.74277500306136,42.08298587807295,1.692668220250427,0.2132861278585789,0.7908323920061823,12.367142824447429,0.5560908482295854,0.4598864758101104,-8.607238232378759,3.6697476264364575,3.723833730187298,0.4854172234598024,1.9970649505742075,0.0010012057692159,-31.95215152474036,7.830649572347298,17.778448822232285,26.82352941176471,1.2000821286973913,9.882352941176464,0.3043336203297247,0.0144606308253244,-0.0391331927275874,0.0120604473045532,0.0959976358345761,0.0121057964799763,12.700584831637212,6.572860156968821,0.1578296552752611,11.661260471506257,15.896554589153318,85.8257608811343,C
J1915+1647,1.6162314951259928,4.0549507728555475e-16,FAST,1048–1452,174.01070823989795,4.448015721671823,11.686337049769378,0.1804584872210235,0.3443801571469655,0.1338641542882961,2.887103371667051,0.0230249292141948,0.0234777385065783,38.571630673977786,0.5135555019734426,0.550356751899777,29.795943390814784,0.458228542882761,0.0173752251673207,-33.12894880670735,0.4542734545423741,0.5070960047367024,10.20029311187103,0.79045235395992,3.253541768441627,0.3522877499436279,0.0019203212193845,0.0735913117952108,0.0015139348032584,0.1214745364432276,0.0015215037188265,0.5541481479600965,0.3763277264895233,0.9970428727402504,4.909575281779416,5.466584952710091,16.1343527714412,A
J1916+1023,1.6183389208453556,6.809454243079566e-16,FAST,1048–1452,98.32482247293127,58.06070016064007,66.74689177867413,10.38482247287897,0.4103591597787179,6.324792509103464,-5.857701238426609,1.5593156029045705,1.5805273486352975,-18.415617197998344,7.606082025943301,7.322202089727444,1.3261351924359543,0.5771577910251107,0.0163665393243899,-5.489131696013233,0.498706748130262,0.504761334051306,23.95303326810176,3.234719453207443,-4.579256360078288,0.3108443061585264,0.0066120674085046,-0.0307229609074508,0.006084454987666,0.0617780849992379,0.0060943146362359,15.587867338203822,4.594643362285691,4.3416282893971685,15.629578605017626,13.254961512399202,124.8075919393142,D
J1917+0834,2.129676060260779,1.7493002201982466e-14,FAST,1048–1452,138.03592640880004,26.451749949835573,19.04097506210508,-0.7473494968202097,0.454484451429952,0.2519575792489057,-3.0570898719143287,0.0532719474406784,0.0514579972973843,-40.413361238737885,0.3346709665236957,0.3173763802767908,5.850822218839008,0.2548984790167017,0.0009231277854491,51.26482347606238,1.7648042678341298,1.6578414690800471,10.727894479726436,1.040551468323492,-3.3414753297508546,0.3577747055243683,0.0021369072932385,-0.0550203782212282,0.0016213241322089,0.0605432927733972,0.0016218285190577,3.688287833208364,2.0431566690285248,1.080811691892935,8.110472414358272,5.648332697699745,45.49272501194065,B
J1917+1353,0.194636976966773,7.198265233119055e-15,FAST,1048–1452,72.15512760004253,0.9221469883521962,1.135174614312774,5.652315287383948,0.0325869084833891,0.0421744620733965,7.007681075784441,0.0284078788034376,0.0334575757618935,-67.65767262179573,0.3242957356281977,0.2787646593682353,79.60501613111582,0.0861829765254924,0.0002617358457968,-9.66468133736311,0.0118124885505537,0.0146454808811107,15.300439667806554,0.095039537760367,1.406936980947727,0.4940816794047459,0.0002570355860656,-0.0927559744698381,0.0001876429688206,0.0934895961401683,0.0001876577126425,9.299739143857227,0.0319284384864805,0.0416268954338881,25.56166251203261,13.25096392873999,2.0573216026649703,A
J1918+1444,1.18120133058681,2.124283974347295e-13,FAST,1048–1452,174.30378504008598,4.92861973094125,3.731312685129837,-0.1125116492082705,0.0973144761369705,0.0730088156078513,0.1844041007678852,0.0037478611539443,0.0036147997192967,-5.777222194870055,0.135027840335673,0.1361210916824884,178.05544123599344,0.2258538735386821,0.0414922903980254,50.544453306279934,0.2765728449745381,0.2335968321368255,7.386419149975554,0.5768182304962306,0.087933561309228,0.5289543497141278,0.0010863346050627,0.1248491183493642,0.0008013165023544,0.1277632751550952,0.0008016136060523,0.3868172958851946,0.2631847778233266,0.2337456528648855,7.482889689434231,3.7896801144464334,8.659932416071086,A
J1919+1745,2.081343459724,1.705e-15,FAST,1048–1452,148.26980152381464,24.93378271966768,26.8392361498314,-2.015897909064452,1.563683205557001,1.3049266865260991,4.059808705523812,0.1156740091447066,0.0962385410675903,8.032855379975949,0.8948615593660989,0.7765523675591126,1.819548852671703,0.2257776013645067,0.025489753104515,14.950764454644276,0.2480150086515724,0.3204836798059869,12.662432828529536,1.0181611252698466,4.48461162677088,0.3346055707147333,0.0039651449130598,0.0157911262807429,0.0031448804124661,0.0665555425585797,0.0031533697796159,3.9709800110948175,1.8777900510952263,2.02905388390286,6.228417967656467,6.756019335511835,51.77301886949907,B
J1920+1040,2.215801738886563,6.475996319443532e-15,FAST,1048–1452,137.4700081440789,34.37300830388597,75.94214321917481,-6.305358625460023,4.988293523131766,3.305246421483595,-0.007646694821799,1.2669513690202827,1.4638105524743588,-40.56113310660606,7.551191163945504,8.701900976663822,3.0918038945082604,0.4540263300878329,0.0416641839112226,6.154901590001818,0.5016971829214381,0.6590636495912774,13.020527859237523,2.1695947943478795,0.0,0.1799073565896276,0.0029517503869537,0.0224767362097735,0.0027561599858551,0.0334733674162593,0.0027568568812586,7.833152114938673,3.486291116288295,2.94763299228171,9.31786650165913,6.517910624440562,110.31515152306078,C
J1921+0812,0.2106504926780887,5.37409033723531e-15,FAST,1048–1452,142.84043927462585,13.2555098895578,8.278597300644094,-3.544251974875201,1.2052872924343268,0.6863854357454722,8.667754952680253,0.9700542589688688,0.4231217992140283,53.5292356493335,13.489445221029657,4.077191570636181,1.4818502854987925,0.2356535860783684,0.0022407467116667,9.770986885599603,0.1781078592007077,0.1407635119465791,5.627747923790934,0.1029119278155887,0.4396678065461699,0.8025485577038299,0.0024306069365072,0.1031069272760334,0.0015325336595465,0.1052402192733768,0.0015329263450197,3.960096085113242,1.0638652709384528,0.6449943708965181,12.80063233421421,11.04196110802955,21.53410719020189,A
J1921+1419,0.6181877554997562,5.60075370547291e-15,FAST,1048–1452,19.067987111427453,19.818975305893776,14.98395294195645,4.038517748171602,3.815432922593855,3.156478399606714,6.529237654921506,0.3896181676957813,0.2868692977178204,16.96253499873603,1.2256420209319607,1.747026590820198,1.0705784489895984,0.2477864410332251,0.0145953187826761,-4.638696758380237,0.121535946448728,0.0952046625003912,22.87390029325511,0.6053590382456635,3.1671554252199385,0.4522476272733093,0.002574175754662,-0.0792742801733752,0.0018125292756311,0.0841321380276048,0.0018133603805665,5.7484693042086406,4.258289437253901,2.4023123865946885,15.854750851402436,14.799032376329125,34.802928247850225,A
J1922+2018,1.1727634020200903,6.487501607004649e-16,FAST,1048–1452,4.752373362588675,7.962542843664404,3.6951023621378334,-0.2279735039218305,0.1772157867327447,0.3759667102980447,-3.252848058254786,0.0397407083608083,0.0383750303763097,47.45076666636868,0.5181413359928371,0.474601876586334,24.78731899025145,0.8090845694078794,0.0496269412713807,20.822325622340777,0.4295778057058506,0.3539432895502479,19.02152641878672,2.2943290490840584,-4.227005870841488,0.4181471140415495,0.0026464496207645,0.0789734013928304,0.0017760396941813,0.0899750535350115,0.0017779093665355,0.8011176284608301,1.2839981222819337,0.546447550736847,9.780420043506476,10.48492102198006,11.65764520580224,A
J1923+1706,0.5472092397047618,4.281962713861167e-17,FAST,1048–1452,6.210924909493203,19.747881799721924,4.004766126465601,-0.1284660317341995,0.0830470168464864,0.3910274563417807,2.4551998866301874,0.076959789027061,0.0818231801393083,12.263740502412864,1.412745787495021,1.3782918831760238,10.764186207853,0.5049776870921541,0.0097212751961404,48.25223663380313,4.617870500400308,3.348572444244347,16.891495601173006,0.5407648638783417,3.695014662756595,0.1882911796963191,0.0043460312627965,0.1106267691446287,0.0034795485871233,0.1611653752296287,0.0035041158392144,0.912552407349806,2.7753710164874965,0.5815637430094193,7.926031784924057,9.685562576712911,23.752647926187525,A
J1926+1434,1.3249221945599483,2.1948001526934282e-16,FAST,1048–1452,177.07692272537702,1.7039656132200491,10.78498958435054,-0.2479190455585884,0.1454027836131919,0.9066379049171625,18.709706508982464,0.1831861118355178,0.1904144642678211,-21.720249450888943,0.4565158702105094,0.4937737375534574,5.9357307156194326,0.3272308820063099,0.0183149708174763,11.785373469805434,0.5745940040339779,0.3171833435452047,39.45205479452056,2.590041109732044,16.555772994129157,0.3095587219413262,0.0030932143071765,-0.0718539819632162,0.0027492313293628,0.0904135362473385,0.0027534128866635,1.0716052522827588,0.5528055257432206,3.6750092090725537,21.87996091211359,21.87996091211359,12.48895519757059,A
J1926+1648,0.5798376648896764,1.7995295110629832e-14,FAST,1048–1452,43.12073638141553,12.478541535718009,15.077428731598353,-9.120722291659472,2.840761278959757,1.8745522817618685,5.921645836916394,0.5709962634669621,1.351804124619596,-8.394252290545955,2.709191111190954,5.952298570622912,1.0473506974908346,0.1216476370442216,0.000641894406806,4.3121296057436656,0.0232503668919079,0.0241042882260344,12.310698583292645,0.2832001003515699,-0.7914020517830922,0.7013683288776646,0.0011210145805677,0.1046636989266798,0.0008220012828034,0.1071838372788947,0.0008222175569812,9.885461694746889,2.503409774419098,1.7808908003187185,18.847879349373656,12.868397180345807,27.55597026731636,A
J1926+1857_P,0.27873,--,FAST,1048–1452,90.1051085032832,64.06495642330748,68.86249190783681,17.012640430900422,0.8711388983592876,11.372876274961843,2.0480220904822577,6.154704311884396,6.023578441400665,20.46193515899672,18.876481460847742,26.17903116853665,0.8364317482168143,0.4935157001814018,0.0053127815757136,-3.417831619474024,0.4275324478359028,0.3586876027792733,20.430528375733875,0.6002008674688852,-3.5225048923679068,0.7731574762633571,0.0199847036020773,0.1170425132587952,0.0138827248745659,0.1367390841248858,0.0139196696017196,19.76443553994889,2.652914920182413,8.370705694098087,15.785791170717102,15.785791170717102,132.9274483311443,D
J1926+2016,0.2990717782966,3.50084e-15,FAST,1048–1452,98.610889095228,10.62677158828356,12.29508574123183,11.97760511752588,0.4511448401676752,0.6012819369335443,2.732544863629153,1.1814011660060366,2.4565866776759124,-30.14010919853257,10.755170543443292,5.263698981471453,8.107165483707362,0.4867977260677385,0.0985359328220187,-4.764280017088433,0.3044347798934783,0.2826092422802322,16.203522504892387,0.5872338002350977,1.4090019569471628,0.3903291367238088,0.0075167876992145,-0.0911046994175101,0.0062732845095537,0.1029322913454533,0.00628089975772,14.305759314561495,0.4653639595200978,0.5127106510046378,175.15395220095007,9.425304159128183,22.92185732951539,A
J1927+1852,0.4827663596312356,1.1608885861561374e-16,FAST,1048–1452,11.132374018017575,21.214988340188185,8.408246295304279,2.880363463383813,5.154415862905085,2.1742744299793744,7.8844410188686975,0.6839808564908569,0.6769130861608996,-30.501665632202748,2.4203602234404045,2.409812538932908,4.156058885398768,0.182967162276963,0.0098364681821268,-3.8422664006668974,0.1131306217389052,0.0850337052097534,20.92818759159745,0.2361539270449834,5.979482169027836,0.2863444973981091,0.0015692440730283,0.0962529260794853,0.0013267225243535,0.0976039394092743,0.0013268579360288,3.6611755202424647,5.563952759431359,1.6208784417674875,27.72865131137069,12.369052645639586,29.623234635492462,A
J1927+1856,0.2983150118864664,2.242433451942096e-15,FAST,1048–1452,178.4388550117041,0.2349407032994293,12.285675118800953,-0.4059515130732389,0.0642212663946875,3.1848658927538285,16.064969056823205,0.3557514860573079,0.3973237377376737,34.53117582514677,1.0842255227943411,1.1086878208940405,1.88523801104998,0.0892855743078093,0.0106900433747778,3.845200320970675,0.1194836711249047,0.0830421239034056,40.11730205278593,0.2914772375313472,9.67741935483872,0.1995217568365158,0.0020203614987597,-0.0179596546005736,0.0016062770990399,0.0513783145058264,0.0016080834375467,0.7329638192776838,0.0792735936050087,5.09912569528651,50.37581949670592,26.44620072837745,12.520615822100382,A
J1930+1722,1.60970633781,8.808e-16,FAST,1048–1452,41.18221771073302,68.09937079968637,32.43716045075014,2.4348359355187537,1.483103169028377,1.8718570268782369,6.371706312180006,0.502432470243523,0.4684111705272613,-42.013612165042886,4.104242174495738,4.988669953099844,2.882657376339192,1.3933200208701706,0.1166124945130588,-15.499238192129612,1.8933548749814515,1.8483167882977245,18.352941176470583,6.443030739026377,5.6470588235294015,0.3419302610619336,0.0162166873376725,0.1231077905680425,0.0116710846313145,0.1524165857152701,0.011719336856052,6.6441382527186175,2.40601257409384,3.784319386027512,8.489353371003528,9.901118076885895,100.53653125043652,C
J1931+1439,1.77922557495,6.328e-15,FAST,1048–1452,78.42575790423935,36.880481316814354,36.11966589662615,5.755184323704143,0.2231986912034349,1.918543202388976,5.72947823054644,0.1965510066703677,0.1901769444503775,2.7198365477233724,1.307051861600919,1.3182529444873432,1.499118412970282,0.2888266400148036,0.0041975849583435,-9.769487557873806,0.3882827659838135,0.333999172281354,16.187683284457464,1.7418544369618194,5.45454545454545,0.476370110825275,0.0041536492743947,0.1142198531893208,0.003368844830124,0.1226044464996942,0.0033717161013119,9.852645759550594,0.7046342918492305,1.99998859889154,8.368774418229723,8.368774418229723,73.0001472134405,B
J1932+1500,1.8643318674855427,4.587967972001213e-16,FAST,1048–1452,85.84344171516383,65.2390110352865,61.585731800094095,1.8232294850523096,0.0795196581665744,1.12536831607379,4.563374156097469,0.1440115080873729,0.1201397555839411,35.16976526745686,2.3397625421510213,2.5762923620576643,1.506791358171102,1.2702893637792558,0.0119519786629429,-31.3480674488763,3.8200631116066894,4.201812824252251,10.567514677103738,3.679329563467152,4.227005870841488,0.3315772368415268,0.0094768352989666,-0.0215812628149748,0.0074350956678145,0.0470596676756672,0.0074430840426858,5.581251719771693,2.503995062566054,2.701919396904298,4.915624645334269,5.6201256238078505,126.8247428353806,D
J1932+2220,0.1444697651444242,5.757173111382096e-14,FAST,1048–1452,11.887137752511803,13.077719754601686,8.578310191030377,-1.2606141839547265,0.9071222228510836,1.3116810217313906,6.717508899300731,0.0720020121674531,0.1148209769703418,35.7826237868725,1.0829843842125868,1.4234738486724725,3.1184379406818827,0.1799043950538106,0.0080183775889679,9.362892958075689,0.0497855778842897,0.0397273099236024,11.431362970200285,0.0705858358745406,2.1104054714215925,0.7416805657664225,0.0018131815182835,0.0783421132824071,0.0012770452916878,0.0819791239574903,0.0012774223980763,1.6820184878251438,1.0940120527033288,1.1629667413199196,19.29200816652106,10.32278491297928,21.656029945632064,A
J1937+2544,0.2009802024421819,6.429166572519382e-16,FAST,1048–1452,34.85610699434141,3.180045991012684,3.950812890910005,2.8307179580793544,0.2567052548589359,0.3247922515815493,14.56384502889328,0.1038713285818762,0.1053308058425486,-39.59589208655126,0.6437695764256546,0.6631656712339904,3.240006424360418,0.1097175412797666,0.0009086385299035,-11.572633131848017,0.1628896979797609,0.2405519914715483,31.480214948705427,0.0981746747432919,9.320957498778707,0.2984229718805357,0.0009221169518615,-0.0283880018430919,0.0007273274244322,0.0370449858326279,0.0007275348954728,9.708573757480496,0.6706274792812272,0.8633465700957987,22.038197740178084,20.982995004467288,7.130858881922688,A
J1937-00,0.2401,--,FAST,1048–1452,82.55306770137219,46.29139040994502,52.483985079542144,-10.34758459706602,5.006408974651693,0.2977507287872214,6.593451257076347,2.1103431480214594,3.224582269088434,40.349293558049325,16.249018676242514,18.075952190777773,1.8010210890300105,0.5376626107761253,0.0055950395378647,5.520372552665691,0.4838080129187672,0.4427390937026763,15.499021526418788,0.4743369342731056,-1.7612524461839634,0.3105778115208465,0.0077297349482555,0.0177472695206934,0.0066856273134009,0.0445698537007794,0.0066913490567469,12.80926099110787,3.5549064664168046,1.994523612979313,16.80871544494328,16.104214466469703,98.77537548948716,C
J1938+0650,1.121561892,5.68e-15,FAST,1048–1452,50.41317656478169,50.53586193493881,39.87311052950691,-1.1131683917886397,0.8464434987812188,0.3217893245633343,0.6461452233424465,0.082859879860007,0.0913008955697902,15.764289546091682,2.865252853131217,2.793301074785312,2.191754079062977,0.3759281738597169,0.0415883622742834,39.66905013687437,2.120207957969761,2.350545853398657,7.562286272594029,0.5485974488891517,-0.175867122618466,0.0942143068139985,0.0023439907535401,0.0396097293442518,0.0019434194997346,0.0451820779070278,0.001943862644071,3.097039377590205,0.8046515792087029,1.809986194591055,5.306623972731791,4.603155482257927,90.40897246444572,C
J1938+2213,0.1661155731566,4.24423e-14,FAST,1048–1452,131.79599064456153,1.9469636353106807,2.174436722507579,8.207900436176065,0.2481912249464919,0.2311931897692183,12.807711228924768,0.3430944794289861,0.4088468217716468,-63.3165127006421,2.466273548631108,2.199549289879535,7.183762087784568,0.0709601359003695,0.0012180956311311,-5.222011641376627,0.0199658422921817,0.0205109968156342,17.938446507083537,0.0811179748420966,1.670737664875423,0.470588436595179,0.0005528225597514,0.0252750385029157,0.0004095286868684,0.0383318949365485,0.0004096924918709,10.296061989125436,0.2321700978931057,0.2286215762580573,32.065161155646805,20.106196817591112,4.12140035781826,A
J1938+2659,0.883331781241,3.2275e-15,FAST,1048–1452,137.581350027583,32.38033437665558,45.9910430387048,-0.854764019291336,0.6365197090909318,0.4773954300660835,-6.511036245850792,0.132480526518492,0.1066340427732699,-24.22919508994453,1.6178816456530285,1.9825213790879064,5.473889284660148,0.8064860072089761,0.0381548291558075,45.21702342869773,5.938236212299259,5.672544703837687,15.499021526418788,1.7896128410128196,-5.988258317025451,0.320581828813268,0.0108490037627129,0.0540103353674412,0.0081388764229904,0.1499767786082579,0.0082541657417032,5.336424880637891,3.692680007857948,2.4613279852310628,10.044736748278376,8.272288692034735,78.37137741536039,B
J1939+10,2.3114,--,FAST,1048–1452,151.1068287247944,22.858608664934707,31.534689570541644,-1.5504112773341736,1.2143554872222315,1.3059570386584662,-5.2796112413548,0.1519393043632559,0.1464163181807762,-35.56763417750548,1.3165575816060198,1.306105465317195,9.634596086484184,0.4395816811307238,0.0365460688126404,17.85812680093616,0.5375164368622016,0.7575210658015834,12.668621700879754,2.262383382587573,-4.750733137829908,0.3875883958565492,0.0055399331176856,0.0227203215383276,0.0041430928436112,0.063002788680758,0.004150684444895,3.4957839285972514,1.8202188092878728,2.3999830565663363,6.511282795606999,6.8631889539647695,54.39329823547635,B
J1945+1211,4.756796379379277,3.7787276697442586e-15,FAST,1048–1452,166.9466361094623,10.49877093782348,13.397496234364551,2.322044356917028,2.235180105946062,1.8615159527727287,12.867830319296424,0.2107814003978401,0.2262197986211926,15.88027881646402,0.9473545209321586,0.8740079236029015,7.271694147477839,0.0876877863817213,0.0082560819661328,-5.5745187120068405,0.0755078958322785,0.0889926057591576,30.952613580850027,2.32735410873961,11.343429408891057,0.4374689517984242,0.0020501049347004,0.0191060153879422,0.0016487234105159,0.0624963839104582,0.0016528114560704,3.925441996518435,2.1441225743466354,3.096165203877034,17.8800433139227,17.000707700830382,23.89626717218804,A
J1946+1805,0.4406184769108469,2.409237937321763e-17,FAST,1048–1452,156.41960265702417,1.1557020374174556,1.2965563418520103,-17.091184239126793,0.8595177502142697,0.970644422893212,-21.750497751400346,1.411486067385919,3.7853849900600736,-33.53246944708943,2.1069529809054224,6.461866067214395,39.15410018852594,0.236745090459955,0.0006484358995351,1.3611591286988811,0.0069955260219711,0.0068970662649852,40.15655577299415,0.8606227557494932,2.113502935420744,0.3753213925374085,0.0004847199897944,-0.092280868569347,0.0003776585904291,0.0936817293660653,0.0003776995560575,19.94956306967809,0.8052155385326709,0.916250408837287,52.39629031500114,43.94227857331816,2.452258379269466,A
J1946+2535,0.51516705131,5.641e-15,FAST,1048–1452,154.205310039314,20.8360905417716,31.00109627479023,-3.7152712512741086,2.9842512614806136,3.505394113716457,-0.6090771768672785,0.4657767926777201,0.4142454192220934,-26.928261123273955,2.841787961926144,2.5336301813832875,1.9734393123186709,0.1500250496348831,0.0150387653287444,6.715419469350057,0.232073955104858,0.2250951490212358,14.069369809477305,0.2523054698826806,-0.2638006839276938,0.2468319417552756,0.002283404762362,0.0283062301227402,0.0017823270934404,0.0423481211842135,0.0017834318135458,4.940378776373045,2.0929989357808148,3.71711935234675,10.36970248219215,7.379961397678236,51.83718681656183,B
J1950+05,0.455934,--,FAST,1048–1452,80.64567336142413,65.13419480418334,60.84185951780237,-20.564793717857608,13.736699336917408,1.020224862045712,6.109308363376803,6.234645468395344,4.730633318375454,20.04145165457585,17.036521446221883,12.87617308755696,1.2830606318069004,0.7297596203092365,0.0231493415469172,2.808984940006886,0.3254713292274744,0.2698413077733859,36.70588235294119,1.828079593361969,3.5294117647058787,0.6189584581709215,0.0149614021182904,-0.1025372767390328,0.0104313090557292,0.1106813244830483,0.0104410996952565,26.77588297497534,8.092327433704007,6.292963104157676,19.521073069259145,20.932837775141515,125.97605432198571,D
J1952+3252,0.0395311928547774,5.84480335158896e-15,FAST,1048–1452,51.87191781523661,9.35702678286644,11.485680068842775,-19.35943639269357,3.3388925992986103,2.037438860589411,24.74436156776365,0.9810506620825414,3.9457084050864673,54.83702569928836,3.357874938445619,10.028356740790478,1.5875189407049333,0.1979891803501536,0.0001598598406407,2.372996850641749,0.0567107166605578,0.061986081932003,48.61056751467712,0.077651910303355,-3.522504892367904,0.4209575356830996,0.0031282219505351,-0.0311427749366568,0.0025595065390304,0.0429740736585902,0.0025608124639385,25.0440401172834,2.7584569039472986,2.7482067294199526,57.50365706678519,52.57215021747012,20.842706851709217,A
J1957+2831,0.3076828651978048,3.109887224617566e-15,FAST,1048–1452,61.27249346017389,36.10093750419205,30.143112910048835,26.251529380788416,6.000875678267459,12.206681132463933,-16.46987067798456,8.811602224723865,13.573814294241744,27.20240551911432,39.15685156827648,16.64433215404815,0.7468569997169031,0.4715430793018521,0.0048726197759144,-1.982569471284202,0.1232554127374392,0.1783479251117472,19.726027397260275,0.6025059937398968,-3.8747553816047073,0.2940775840321799,0.0036740379320687,-0.005625285362143,0.0028600162806741,0.0763098133815074,0.0028686319472953,27.882033512463625,5.734428100466434,11.16082430737647,28.09413682279864,22.45812899500999,66.24405041424089,B
J1959+3620,0.406081181,3.6e-17,FAST,1048–1452,159.25669973208142,14.9837671425137,14.233191192449029,-13.489093816100986,9.694331711995757,9.088819244264515,-15.264247675369845,1.2905058164905014,1.1575608490754483,-46.560176728589255,1.6293918632035869,1.4223687948010948,1.1321345675756234,0.2155032509985051,0.0007297622829294,1.5183969723566746,0.053130162383036,0.0616053968318137,73.41176470588235,1.5890317430350809,-12.000000000000009,0.3263379845988597,0.0025136753365465,-0.0174779189179812,0.0017793842302845,0.0242609876376807,0.0017796662759765,21.107428004883285,9.070723672434031,10.08073427300031,56.91130649889927,39.97013002831101,29.21695833496273,A
J2002+1637,0.27649748362,2.25e-16,FAST,1048–1452,96.87760820978656,65.15641660089956,65.9276550565521,15.91024287266102,0.8587669307426271,11.184793853777114,3.071022734127597,5.665350850016456,5.726227880197141,-40.22731348481382,19.62487754747721,23.316248455186184,1.284349100076139,0.446488888854236,0.0103686702545906,-3.621639602796508,0.4924152815149001,0.4311588242458679,19.706744868035173,0.2713278880402793,0.5278592375366573,0.2163080579735126,0.0047703498272524,-0.0026402135256048,0.0039362217314541,0.0328042281666496,0.0039382283409671,18.52403125645985,2.681265501950468,7.857780475947274,11.692723613892984,12.396535930608527,131.08407165745166,D
J2005+3552,0.30794290464,2.99e-15,FAST,1048–1452,7.946225157637677,14.325817371610626,6.080056468126752,2.458181283007327,4.340150383037091,1.8802819042890413,-8.22379697507009,0.3960320719678263,0.425751269919937,13.992211355524097,1.3568148265139186,1.2481750754391605,1.5553642207261027,0.1932248640619396,0.0080630887553527,-3.223198723992759,0.0543672316569532,0.0353352605085688,27.448680351906155,0.3021122154056539,-5.102639296187689,0.8035180451422231,0.0037651312835289,-0.1281321380386802,0.0024812228084414,0.1360481810483479,0.0024842194343122,3.274867078192216,4.825190098019051,1.4288657384015555,29.866025714073007,16.84549785483548,20.40587383973737,A
J2006+3102,0.16369523645,2.4872e-14,FAST,1048–1452,170.74460040040162,6.6190911686898914,17.268121298316117,-1.708562215007774,1.2253378309916627,3.158205960077609,-2.325801341756677,0.4239654958272736,0.36402660467995,32.509832505529126,1.7354048574168743,1.3227508690350227,1.249585540487725,0.196796785236033,0.0035506653011565,5.3943401931340125,0.1732304185703581,0.2624507004049183,32.72727272727272,0.1625440802501996,-10.55718475073314,0.8214786281419219,0.0085828159678893,0.2541677220359957,0.0065223326567695,0.3183682523076539,0.0066207061932504,3.325277754388349,1.4870767698738152,5.041672897869286,28.11408135619053,24.595019772612822,23.88721246700601,A
J2008+2513,0.58919550332,5.395e-15,FAST,1048–1452,6.000121370601172,8.837625488950195,4.180165188997005,-0.4259245391424411,0.2961736958158223,0.6102867337636315,10.61103095402311,0.0947409328971051,0.0886408691040685,37.7249682659872,0.3929252884254239,0.5670568846770081,52.33995362186871,0.2450749179772842,0.0057383893550948,14.061682531088676,0.1609674486346577,0.110785137726225,16.187683284457464,0.5754677869221915,2.991202346041053,0.2857893758059519,0.0009845115599358,-0.0505645118847119,0.0007496215588543,0.0534475081345342,0.0007497395599495,0.9195026266850812,1.168544603349054,0.5739105284817947,19.58463799214627,15.71367025021079,13.0177906779472,A
J2009+3326,1.43836860189,1.468e-15,FAST,1048–1452,148.33655598198993,23.55811089503049,41.42400564808449,-3.1226479212741616,2.2798908884796667,2.840194168771095,10.099285092874792,0.5369491511646647,0.4091348611536975,-21.1776575704042,3.802051992704026,3.163675312135542,1.3715258951629483,0.3924526271029769,0.0195062266522196,9.636403032634282,0.7683579153454474,0.9022659051413378,22.54403131115462,2.827077448884673,5.283757338551859,0.2028327747724371,0.0053068896035481,-0.0460743270133581,0.00420557768471,0.096941968456262,0.0042272253128623,6.909059408234241,3.385454449405645,4.760745583943683,17.496545366847407,16.087543409900242,64.98211654311498,B
J2013+3845,0.2301936138594796,8.851044893216897e-15,FAST,1048–1452,51.05924607568056,0.2504657421352405,0.2750242506705618,20.393389134638003,0.1107627162517523,0.1222854114200977,31.046406174435106,0.4797946333773843,0.9900339259685608,-33.12567720262603,2.4640509373653288,2.5374091994619263,1.6847791815298458,0.0475241486424615,2.213460776445686e-05,-2.2320713493435065,0.0049018617506138,0.0055542012581533,40.27357107962871,0.1124249154522891,-1.582804103566204,0.6211315104129214,0.0004336827862592,-0.0480253001268212,0.0003161381766499,0.0528750587846784,0.000316212106283,26.84295240790289,0.0936996493162641,0.1032964856544321,59.62481359993584,52.765995817815664,0.5254899928058023,A
J2022+5154,0.5291969178083342,3.0633705281484593e-15,FAST,1048–1452,172.70567944276857,6.1593196960524494,4.871335975162452,-1.8130208802268808,1.5303539730279363,1.1983152978012923,-2.72338262358096,0.0746414420793861,0.0716145199271309,-16.592184609604615,0.2897101033349827,0.2808072777232802,11.479267783205634,0.0870746192626104,0.0154805346884678,4.013106842908028,0.0107409183493167,0.0089271720868211,16.35564240351733,0.2584032751263809,-3.869076697606253,0.4784427327440143,0.0002662458781294,0.0266599516390621,0.0002062380767564,0.0306155414202103,0.0002062620466394,2.151521211173109,1.104468949925806,1.184495599853279,17.941004284088805,9.323515275783958,11.030655671214902,A
J2027+4557,1.0996513680443851,3.0944275828479906e-16,FAST,1048–1452,179.14356067020472,0.5255058275735678,3.119809341517368,0.0180311625249386,0.0656106159094876,0.011059715171062,8.888974634735503,0.0138164713615314,0.0106920544347755,32.79243541992728,0.1220044077612882,0.1388930135125718,126.2036322851149,0.2394668251072573,0.0035445653821852,-47.49596429270351,0.4820392358514738,0.4572668667454778,20.048851978505127,0.5372236510350102,8.177821201758675,0.3785710435917881,0.0011166355703956,0.0165845965445332,0.0008679442894606,0.1829941698974754,0.000881006403448,0.1491557345014408,0.0914778152276239,0.5437466867578874,9.313272556275736,10.73557942222939,3.645315169090935,A
J2030+2228,0.6305126466792664,8.853473084912216e-16,FAST,1048–1452,175.90500365612493,3.1374462763995723,7.542642197325392,0.076171638300323,0.1389978220994977,0.0583575599738422,-4.910711337423103,0.0116555422535293,0.0112484715997966,-21.91035873370288,0.1584039492985098,0.1591064328697413,11.231040166864316,0.2469934931575448,0.0119523453108669,-53.71437764074571,0.6961372501294179,0.7285400932403547,13.365901319003438,0.3079685393505426,-4.836345872007811,0.2204687834433012,0.0008765923144192,0.0236036715407548,0.0006822101846448,0.043352299905509,0.0006826494571687,0.4786135254398057,0.3487727079493989,0.8665527974860051,10.978127067760196,6.757316124917011,10.680088473724965,A
J2036+2835,1.35872676315,2.09e-15,FAST,1048–1452,37.3007353943289,29.929913715877586,28.194179934858408,1.3220180443500178,0.7039131754232946,0.9786028635841584,0.6656038870590906,0.0411105564918499,0.0306963513534662,10.731563933371076,0.6870673995659757,0.9685707665370716,16.682534936383448,0.8057513155934544,0.0637569254975432,-26.26608914802129,0.4160060462734662,0.3759377382104105,7.39002932551319,1.3274511776102649,0.0,0.285175444979375,0.0017785600611592,-0.0802894271668802,0.0016328504043255,0.1003324193308822,0.0016352170246611,2.6289706935410964,1.1253320974661467,1.2193893137582938,4.712524708173456,4.360618549815685,58.12409365073599,B
J2043+2740,0.09613056295,1.27e-15,FAST,1048–1452,120.01787728010036,1.200474705091679,1.2460467568890436,8.480070804235208,0.0880307954077501,0.0898237004224533,13.094106249540989,0.4342149896987166,0.4619156294291322,-50.91852473797268,3.359079809417871,3.561299692548154,2.44224011341491,0.1438761524596583,6.196572985395221e-06,-5.871678343858762,0.0159586735950272,0.016553763316045,17.234978016609652,0.0469475784240284,2.9018075232046847,0.7508491748761909,0.0006935079933722,-0.0330236757477131,0.0004690317884474,0.036299779916852,0.0004690931565643,11.062950309155491,0.0929597600795409,0.0943490890707592,20.040857592970404,18.80978773464113,2.4465214619807227,A
J2044+4614,1.3927154635,6.3e-16,FAST,1048–1452,56.63285799641658,3.3190403255631296,3.678539294659061,2.241844961038149,0.1058765888413315,0.1202432491348539,14.657934616911756,0.0502519192589456,0.0599119552342539,-8.34069146160089,0.468759321598994,0.4176146041477437,6.786791599961124,0.0835391464931163,0.0002003070497433,-21.35007181408703,0.5532561728867478,0.5927737060102736,35.19061583577714,1.361611923468215,8.973607038123179,0.329712604063494,0.0021874918300619,0.0158673684624082,0.0020537395146427,0.1154565074761875,0.0020632113547071,15.030744639790756,0.5162179299207069,0.6290346048559818,43.69019268142788,23.279635496677145,6.99757962022219,A
J2051+4434_P,1.30316,--,FAST,1048–1452,176.49950376734293,2.1722612700150137,11.424651627611922,-1.6315351459223368,1.0190720633392747,5.324251628937311,-26.391989557549778,0.4798171331842091,0.4784791049959764,38.936534831528505,0.6668847554261532,0.6039104408446363,2.344286033549368,0.1199489071664627,0.0035950529367214,2.144478344566892,0.0484040456909875,0.0499764273311233,89.4716242661448,2.563767994876412,-23.248532289628187,0.4341943161999821,0.0027445079888841,-0.0183775314954979,0.0026590055813066,0.0357309203256236,0.0026599203826969,3.612790452694174,1.5402420903983514,9.581118663014012,47.87926940099399,47.87926940099399,13.596912897626936,A
J2105+07,3.74663,--,FAST,1048–1452,160.39439390486518,14.908721294399273,32.71432892797779,1.0146257727656685,1.3692316030081746,0.7661669164581464,-2.7169327213811827,0.1574859180035828,0.1652442400457219,30.230663824280445,2.3392384586809776,2.4711624726096133,7.590329648780994,1.05475943048447,0.0573105428517957,-18.94909997302185,0.9690681603807328,0.987806245441476,13.38551859099804,7.354250871309459,-3.522504892367915,0.3076755063451693,0.0060253027599083,-0.0657802012535905,0.004049357471769,0.1080958606829765,0.0040746569103655,2.411757361440357,1.5003469828886256,2.949082787141961,8.202832444959336,7.498331466485753,47.62305022237706,B
J2122+2426,0.54142115903,1.27e-16,FAST,1048–1452,65.97963720620385,25.29615956513304,35.40536196438219,-16.562485639196986,7.299781308646677,1.5144338857920658,-0.5290563087018629,1.010099903088974,1.2521524861802231,-54.06695213406661,3.1322998373778503,3.966702052025816,1.0609489177579858,0.3404833591588529,0.0054020602302709,3.204231172117384,0.0697334419758206,0.091662670141599,23.2485322896282,1.058348543218424,3.5225048923679063,0.5528707634447423,0.0023559851599745,0.0420204065912914,0.0017712423000042,0.0470427346439405,0.0017717123275652,19.216487029400056,5.537379816034397,2.501430027197707,21.31183517367252,15.675827345883867,60.701521529515226,B
J2129+1210A,0.1106646888626611,-2.0990663427466303e-17,FAST,1048–1452,118.10384128049452,7.1250043085869805,6.675821518405726,-1.9430028244001507,0.1647839298930167,0.1317553547781527,0.5716189070530906,0.037786502644118,0.0361768299858842,46.16818198917441,0.4503253480185165,0.4935543084611993,11.27778640100782,0.1333840617174857,2.319312336496182e-05,26.01644457865656,0.7761357267796569,0.6405289591805037,21.63165608207133,0.0540730264192126,-2.638006839276981,0.1570562331756921,0.000964532911055,-0.0067754880285372,0.0008651049887576,0.0446045110302867,0.0008659195310836,9.816022382718527,0.6740319842375364,0.5008843755775665,14.02545378736574,14.02545378736574,13.800825826992709,A
J2129+4119,1.6874182953084411,8.542141510024936e-17,FAST,1048–1452,113.64635213649797,13.891723703184113,14.003403103290069,-3.244742802310444,0.4554240182997975,0.2721748118453146,-3.8920251114375297,0.0281194987554807,0.0299976021293995,8.413560584753206,0.3137721871604029,0.3585096852366849,2.13503963203972,0.3822113146990933,0.0061990433286296,16.184089389630888,0.156753818991838,0.1961906415185925,13.724340175953069,1.649429974827458,-3.87096774193548,0.674102452638839,0.0022777704493837,-0.0283506668340542,0.0015100573689596,0.0949604949949968,0.0015194076641412,7.139540486902842,0.7356808231940793,0.4115699912090573,7.544925035190046,6.883227457478583,27.89512680647418,A
J2138+4911,0.696171,--,FAST,1048–1452,45.10462172280075,47.37072066571441,36.2945100524638,7.467121738296143,3.1350680655777268,5.8612090841524775,2.826969052508861,1.311628211411478,0.7898151108510088,-4.739299996763805,4.241923204735158,7.373973422458073,2.542635969129188,0.2419046950443188,0.0229675026708333,-5.450998658869029,0.1932571908615488,0.1508159602599361,10.903761602344876,0.3403878029068676,-0.263800683927704,0.2902489439355751,0.0017924574191897,0.0037628990568474,0.0013875587707829,0.0216347396261495,0.0013878994938873,8.515894363783152,2.9671410514170296,4.391868581131972,11.180657376886003,8.542650537609003,83.66523071817821,C
J2340+08,0.3033,--,FAST,1048–1452,155.66462786313284,18.004637577271524,36.86148726828844,5.8228286471238375,6.351684223627607,4.257642174034667,-0.2335516876869658,1.8383959577822648,1.6358975833139513,-46.45003408096994,5.681395834276422,6.527121106929492,1.0198442044396057,0.2762439961493719,0.0133410976937948,-4.061764815066611,0.3730832114439102,0.4689911246279701,43.67906066536203,0.5979660992760191,3.874755381604686,0.1373863070509727,0.0052513732900422,-0.0270342440538113,0.003733457088575,0.0369231120942881,0.0037346810722835,9.785839377880588,5.58821406883201,9.685758683719202,25.243336423499105,25.947837401972667,54.866124845559966,B
